n,k,h,alpha,gamma,nominal_r,effective_r,signal_label,signal,delta,I,D,R,signal_over_I,signal_over_D,signal_over_R,trials,trim_recovery_rate,detection_rate,overtrim_rate,undertrim_rate,adaptive_interlock_failure_rate,contamination_cost,contamination_cost_se,estimator,usable_trials,failure_rate,mean,bias,variance,mse,rmse,mse_se,benefit_vs_contaminated_hill,benefit_vs_contaminated_hill_se
1000,31,10,0.02095685522351266,0.5,1,0,0,0.0,1.0,0.5082650227325636,3.0839372804130885,2.7838821814150108,0.0,0.0,0.0,5000,0.9816,0.0184,0.0184,0.0,0.0,0.0,0.0,hill,5000,0.0,0.4973183942629921,-0.002681605737007915,0.0080975845589763,0.00810315605139326,0.09001753191125193,0.0001675255793562608,0.0,0.0
1000,31,10,0.02095685522351266,0.5,1,0,0,0.0,1.0,0.5082650227325636,3.0839372804130885,2.7838821814150108,0.0,0.0,0.0,5000,0.9816,0.0184,0.0184,0.0,0.0,0.0,0.0,oracle_trimmed_hill,5000,0.0,0.4973183942629921,-0.002681605737007915,0.0080975845589763,0.00810315605139326,0.09001753191125193,0.0001675255793562608,0.0,0.0
1000,31,10,0.02095685522351266,0.5,1,0,0,0.0,1.0,0.5082650227325636,3.0839372804130885,2.7838821814150108,0.0,0.0,0.0,5000,0.9816,0.0184,0.0184,0.0,0.0,0.0,0.0,adaptive_trimmed_hill,5000,0.0,0.4953816173839676,-0.004618382616032354,0.008270995783456898,0.008290671042288277,0.09105312208973548,0.00017115387460940666,-0.00018751499089501587,3.669935440786898e-05
1000,31,10,0.02095685522351266,0.5,1,0,0,0.0,1.0,0.5082650227325636,3.0839372804130885,2.7838821814150108,0.0,0.0,0.0,5000,0.9816,0.0184,0.0184,0.0,0.0,0.0,0.0,harmonic_moment_beta_0.5,5000,0.0,0.5012381368093555,0.0012381368093554311,0.008708557129150874,0.008708348400483725,0.09331853192417745,0.0001884319295398816,-0.000605192349090465,6.185413549763328e-05
1000,31,10,0.02095685522351266,0.5,1,0,0,0.0,1.0,0.5082650227325636,3.0839372804130885,2.7838821814150108,0.0,0.0,0.0,5000,0.9816,0.0184,0.0184,0.0,0.0,0.0,0.0,harmonic_moment_beta_1,5000,0.0,0.5044382436095586,0.0044382436095585535,0.009640370504335955,0.009658140436572876,0.09827583851879808,0.00022259695590777387,-0.0015549843851796147,0.00011825409702012485
1000,31,10,0.02095685522351266,0.5,1,0,0,0.0,1.0,0.5082650227325636,3.0839372804130885,2.7838821814150108,0.0,0.0,0.0,5000,0.9816,0.0184,0.0184,0.0,0.0,0.0,0.0,harmonic_moment_beta_2,5000,0.0,0.510062287851049,0.010062287851049012,0.01197293087342264,0.012071785924045324,0.10987167935389594,0.00031605559561349297,-0.003968629872652064,0.0002367152852847399
1000,31,10,0.02095685522351266,0.5,1,1,0.5I,0.2541325113662818,1.2893426455039125,0.5082650227325636,3.0839372804130885,2.7838821814150108,0.5,0.08240521393880006,0.09128709291752769,5000,0.005,0.0238,0.0188,0.9762,0.0,6.783976132637554e-05,2.126797779635345e-05,hill,5000,0.0,0.5082365808135764,0.008236580813576328,0.008413279959559013,0.008479438567065675,0.09208386702927758,0.0001870592002424439,0.0,0.0
1000,31,10,0.02095685522351266,0.5,1,1,0.5I,0.2541325113662818,1.2893426455039125,0.5082650227325636,3.0839372804130885,2.7838821814150108,0.5,0.08240521393880006,0.09128709291752769,5000,0.005,0.0238,0.0188,0.9762,0.0,6.783976132637554e-05,2.126797779635345e-05,oracle_trimmed_hill,5000,0.0,0.5002670362452559,0.0002670362452558585,0.008724074068865804,0.00872240056240831,0.09339379295439451,0.00018759787105841026,-0.00024296199534263674,4.71093313555107e-05
1000,31,10,0.02095685522351266,0.5,1,1,0.5I,0.2541325113662818,1.2893426455039125,0.5082650227325636,3.0839372804130885,2.7838821814150108,0.5,0.08240521393880006,0.09128709291752769,5000,0.005,0.0238,0.0188,0.9762,0.0,6.783976132637554e-05,2.126797779635345e-05,adaptive_trimmed_hill,5000,0.0,0.5056611768320206,0.005661176832020657,0.008700524124995357,0.008730832943293765,0.09343892627429837,0.00019031217862000604,-0.00025139437622809203,4.436931748252451e-05
1000,31,10,0.02095685522351266,0.5,1,1,0.5I,0.2541325113662818,1.2893426455039125,0.5082650227325636,3.0839372804130885,2.7838821814150108,0.5,0.08240521393880006,0.09128709291752769,5000,0.005,0.0238,0.0188,0.9762,0.0,6.783976132637554e-05,2.126797779635345e-05,harmonic_moment_beta_0.5,5000,0.0,0.5084891248856094,0.008489124885609335,0.008968025929422484,0.009038297565560072,0.09506996142609964,0.00020651755935660279,-0.000558858998494398,6.606402780132091e-05
1000,31,10,0.02095685522351266,0.5,1,1,0.5I,0.2541325113662818,1.2893426455039125,0.5082650227325636,3.0839372804130885,2.7838821814150108,0.5,0.08240521393880006,0.09128709291752769,5000,0.005,0.0238,0.0188,0.9762,0.0,6.783976132637554e-05,2.126797779635345e-05,harmonic_moment_beta_1,5000,0.0,0.5096147385143748,0.009614738514374766,0.00991243181113435,0.010002892521471924,0.10001446156167579,0.0002378186616960812,-0.0015234539544062506,0.00011948209010870375
1000,31,10,0.02095685522351266,0.5,1,1,0.5I,0.2541325113662818,1.2893426455039125,0.5082650227325636,3.0839372804130885,2.7838821814150108,0.5,0.08240521393880006,0.09128709291752769,5000,0.005,0.0238,0.0188,0.9762,0.0,6.783976132637554e-05,2.126797779635345e-05,harmonic_moment_beta_2,5000,0.0,0.5135269421626127,0.013526942162612795,0.012299376489909237,0.012479894778881926,0.11171344940911065,0.00031940992795471106,-0.004000456211816255,0.0002246079933226051
1000,31,10,0.02095685522351266,0.5,1,1,1.5I,0.7623975340988454,2.1434089611499227,0.5082650227325636,3.0839372804130885,2.7838821814150108,1.5,0.24721564181640018,0.2738612787525831,5000,0.0094,0.0298,0.0204,0.9702,0.0,0.0005662290665451896,6.307965806242183e-05,hill,5000,0.0,0.5238085115961263,0.023808511596126278,0.008223356073295586,0.008788556626503808,0.093747301969197,0.00019592514443997217,0.0,0.0
1000,31,10,0.02095685522351266,0.5,1,1,1.5I,0.7623975340988454,2.1434089611499227,0.5082650227325636,3.0839372804130885,2.7838821814150108,1.5,0.24721564181640018,0.2738612787525831,5000,0.0094,0.0298,0.0204,0.9702,0.0,0.0005662290665451896,6.307965806242183e-05,oracle_trimmed_hill,5000,0.0,0.49933934914224554,-0.0006606508577544022,0.008497193592232551,0.008495930613069955,0.092173372581619,0.00017691984104520957,0.000292626013433853,7.328928368323956e-05
1000,31,10,0.02095685522351266,0.5,1,1,1.5I,0.7623975340988454,2.1434089611499227,0.5082650227325636,3.0839372804130885,2.7838821814150108,1.5,0.24721564181640018,0.2738612787525831,5000,0.0094,0.0298,0.0204,0.9702,0.0,0.0005662290665451896,6.307965806242183e-05,adaptive_trimmed_hill,5000,0.0,0.5203432415070715,0.020343241507071345,0.008617887555840727,0.009030011453344589,0.09502637240968735,0.00019682586169380488,-0.00024145482684078003,5.805980666929874e-05
1000,31,10,0.02095685522351266,0.5,1,1,1.5I,0.7623975340988454,2.1434089611499227,0.5082650227325636,3.0839372804130885,2.7838821814150108,1.5,0.24721564181640018,0.2738612787525831,5000,0.0094,0.0298,0.0204,0.9702,0.0,0.0005662290665451896,6.307965806242183e-05,harmonic_moment_beta_0.5,5000,0.0,0.5144010595910096,0.014401059591009551,0.008578961428908334,0.00878463615396636,0.09372638984814448,0.00020002528600723729,3.9204725374464785e-06,7.149237820648773e-05
1000,31,10,0.02095685522351266,0.5,1,1,1.5I,0.7623975340988454,2.1434089611499227,0.5082650227325636,3.0839372804130885,2.7838821814150108,1.5,0.24721564181640018,0.2738612787525831,5000,0.0094,0.0298,0.0204,0.9702,0.0,0.0005662290665451896,6.307965806242183e-05,harmonic_moment_beta_1,5000,0.0,0.5106742048243641,0.010674204824364009,0.009469574276088808,0.009581619009866068,0.09788574467135686,0.00022692108895685904,-0.0007930623833622598,0.00012076900714547786
1000,31,10,0.02095685522351266,0.5,1,1,1.5I,0.7623975340988454,2.1434089611499227,0.5082650227325636,3.0839372804130885,2.7838821814150108,1.5,0.24721564181640018,0.2738612787525831,5000,0.0094,0.0298,0.0204,0.9702,0.0,0.0005662290665451896,6.307965806242183e-05,harmonic_moment_beta_2,5000,0.0,0.5107765507605493,0.010776550760549258,0.01179715447358026,0.011910929088980237,0.10913720304726632,0.0003096289346213927,-0.0031223724624764304,0.0002196436052742369
1000,31,10,0.02095685522351266,0.5,1,1,0.5D,1.5419686402065442,4.673782215790056,0.5082650227325636,3.0839372804130885,2.7838821814150108,3.0337886166483066,0.5,0.5538914866802236,5000,0.0492,0.0658,0.0166,0.9342,0.0,0.002500290243810387,0.00012833913173182095,hill,5000,0.0,0.5500035922558298,0.05000359225582991,0.00832147880880723,0.010820173751532762,0.10402006417769968,0.0002337782093070021,0.0,0.0
1000,31,10,0.02095685522351266,0.5,1,1,0.5D,1.5419686402065442,4.673782215790056,0.5082650227325636,3.0839372804130885,2.7838821814150108,3.0337886166483066,0.5,0.5538914866802236,5000,0.0492,0.0658,0.0166,0.9342,0.0,0.002500290243810387,0.00012833913173182095,oracle_trimmed_hill,5000,0.0,0.49988084684834894,-0.00011915315165107482,0.008551828534908283,0.00855013236667485,0.0924669257987679,0.00017467927573838006,0.002270041384857911,0.00013696455658480762
1000,31,10,0.02095685522351266,0.5,1,1,0.5D,1.5419686402065442,4.673782215790056,0.5082650227325636,3.0839372804130885,2.7838821814150108,3.0337886166483066,0.5,0.5538914866802236,5000,0.0492,0.0658,0.0166,0.9342,0.0,0.002500290243810387,0.00012833913173182095,adaptive_trimmed_hill,5000,0.0,0.5429071069630287,0.04290710696302867,0.009544551788184414,0.011383662705763561,0.10669424870049726,0.00023810678378989247,-0.0005634889542307981,7.528979229599886e-05
1000,31,10,0.02095685522351266,0.5,1,1,0.5D,1.5419686402065442,4.673782215790056,0.5082650227325636,3.0839372804130885,2.7838821814150108,3.0337886166483066,0.5,0.5538914866802236,5000,0.0492,0.0658,0.0166,0.9342,0.0,0.002500290243810387,0.00012833913173182095,harmonic_moment_beta_0.5,5000,0.0,0.5238240976749315,0.02382409767493161,0.008619188155327036,0.009185051947720653,0.0958386766797239,0.00020196880131744977,0.001635121803812109,0.00010074506136199254
1000,31,10,0.02095685522351266,0.5,1,1,0.5D,1.5419686402065442,4.673782215790056,0.5082650227325636,3.0839372804130885,2.7838821814150108,3.0337886166483066,0.5,0.5538914866802236,5000,0.0492,0.0658,0.0166,0.9342,0.0,0.002500290243810387,0.00012833913173182095,harmonic_moment_beta_1,5000,0.0,0.5143890729710968,0.014389072971096808,0.009551256574217166,0.009756391743869872,0.09877444884113437,0.00021722203732554878,0.001063782007662889,0.00014504088443042455
1000,31,10,0.02095685522351266,0.5,1,1,0.5D,1.5419686402065442,4.673782215790056,0.5082650227325636,3.0839372804130885,2.7838821814150108,3.0337886166483066,0.5,0.5538914866802236,5000,0.0492,0.0658,0.0166,0.9342,0.0,0.002500290243810387,0.00012833913173182095,harmonic_moment_beta_2,5000,0.0,0.5117830478626396,0.011783047862639657,0.011810787326431687,0.011947265385899658,0.10930354699596742,0.000284041275231919,-0.0011270916343668954,0.00021765432205826855
1000,31,10,0.02095685522351266,0.5,1,1,1.5D,4.6259059206196325,102.09522136717594,0.5082650227325636,3.0839372804130885,2.7838821814150108,9.10136584994492,1.5,1.6616744600406708,5000,0.9702,0.9878,0.0176,0.0122,0.0,0.0222503514962287,0.0003708044885807783,hill,5000,0.0,0.649165528098991,0.149165528098991,0.007718444289192112,0.029967255373385144,0.17311052935447094,0.0004463520781700363,0.0,0.0
1000,31,10,0.02095685522351266,0.5,1,1,1.5D,4.6259059206196325,102.09522136717594,0.5082650227325636,3.0839372804130885,2.7838821814150108,9.10136584994492,1.5,1.6616744600406708,5000,0.9702,0.9878,0.0176,0.0122,0.0,0.0222503514962287,0.0003708044885807783,oracle_trimmed_hill,5000,0.0,0.4997035426957532,-0.00029645730424681613,0.007930845103187251,0.007929346821099855,0.0890468799065967,0.00016698148306678185,0.02203790855228529,0.0003743078594991043
1000,31,10,0.02095685522351266,0.5,1,1,1.5D,4.6259059206196325,102.09522136717594,0.5082650227325636,3.0839372804130885,2.7838821814150108,9.10136584994492,1.5,1.6616744600406708,5000,0.9702,0.9878,0.0176,0.0122,0.0,0.0222503514962287,0.0003708044885807783,adaptive_trimmed_hill,5000,0.0,0.499450417322907,-0.0005495826770929266,0.009116879663776695,0.009115358328962899,0.09547438572184112,0.0002620376210351611,0.02085189704442224,0.0003677742899462996
1000,31,10,0.02095685522351266,0.5,1,1,1.5D,4.6259059206196325,102.09522136717594,0.5082650227325636,3.0839372804130885,2.7838821814150108,9.10136584994492,1.5,1.6616744600406708,5000,0.9702,0.9878,0.0176,0.0122,0.0,0.0222503514962287,0.0003708044885807783,harmonic_moment_beta_0.5,5000,0.0,0.5383662016965102,0.03836620169651013,0.007901801490276675,0.009372186562595917,0.0968100540367369,0.00021698649347901984,0.02059506881078923,0.00029134439371930626
1000,31,10,0.02095685522351266,0.5,1,1,1.5D,4.6259059206196325,102.09522136717594,0.5082650227325636,3.0839372804130885,2.7838821814150108,9.10136584994492,1.5,1.6616744600406708,5000,0.9702,0.9878,0.0176,0.0122,0.0,0.0222503514962287,0.0003708044885807783,harmonic_moment_beta_1,5000,0.0,0.5174054812868759,0.017405481286876023,0.00885330942935931,0.00915448954630123,0.09567909670508616,0.00021403212512779128,0.020812765827083912,0.00034301012592262485
1000,31,10,0.02095685522351266,0.5,1,1,1.5D,4.6259059206196325,102.09522136717594,0.5082650227325636,3.0839372804130885,2.7838821814150108,9.10136584994492,1.5,1.6616744600406708,5000,0.9702,0.9878,0.0176,0.0122,0.0,0.0222503514962287,0.0003708044885807783,harmonic_moment_beta_2,5000,0.0,0.5131581436617711,0.013158143661771104,0.01102458168785723,0.011195513516143465,0.10580885367559496,0.0002865764056931204,0.01877174185724168,0.0003800115144681242
1000,31,10,0.02095685522351266,0.5,1,1,0.5R,1.3919410907075054,4.022650809662908,0.5082650227325636,3.0839372804130885,2.7838821814150108,2.73861278752583,0.4513519453031993,0.5,5000,0.0338,0.0504,0.0166,0.9496,0.0,0.0018380574667350568,0.0001153307459680385,hill,5000,0.0,0.542918404473589,0.042918404473589016,0.008246732198637422,0.010087072294756281,0.10043441787931208,0.0002266007916727887,0.0,0.0
1000,31,10,0.02095685522351266,0.5,1,1,0.5R,1.3919410907075054,4.022650809662908,0.5082650227325636,3.0839372804130885,2.7838821814150108,2.73861278752583,0.4513519453031993,0.5,5000,0.0338,0.0504,0.0166,0.9496,0.0,0.0018380574667350568,0.0001153307459680385,oracle_trimmed_hill,5000,0.0,0.4979463199173204,-0.002053680082679673,0.00850610334374229,0.008508619724955537,0.09224217974958927,0.0001751537720767992,0.0015784525698007436,0.00012418943157262117
1000,31,10,0.02095685522351266,0.5,1,1,0.5R,1.3919410907075054,4.022650809662908,0.5082650227325636,3.0839372804130885,2.7838821814150108,2.73861278752583,0.4513519453031993,0.5,5000,0.0338,0.0504,0.0166,0.9496,0.0,0.0018380574667350568,0.0001153307459680385,adaptive_trimmed_hill,5000,0.0,0.5372724756886488,0.037272475688648776,0.00907268944338518,0.010460112349457415,0.10227469065930933,0.0002280719857132939,-0.00037304005470113413,6.599345279934411e-05
1000,31,10,0.02095685522351266,0.5,1,1,0.5R,1.3919410907075054,4.022650809662908,0.5082650227325636,3.0839372804130885,2.7838821814150108,2.73861278752583,0.4513519453031993,0.5,5000,0.0338,0.0504,0.0166,0.9496,0.0,0.0018380574667350568,0.0001153307459680385,harmonic_moment_beta_0.5,5000,0.0,0.5208819139558707,0.020881913955870773,0.008601586155588828,0.0090359201688181,0.0950574571973083,0.00020708828583080035,0.001051152125938182,8.882503510900531e-05
1000,31,10,0.02095685522351266,0.5,1,1,0.5R,1.3919410907075054,4.022650809662908,0.5082650227325636,3.0839372804130885,2.7838821814150108,2.73861278752583,0.4513519453031993,0.5,5000,0.0338,0.0504,0.0166,0.9496,0.0,0.0018380574667350568,0.0001153307459680385,harmonic_moment_beta_1,5000,0.0,0.5127510666986588,0.012751066698658735,0.009537837844369464,0.009698519978754235,0.09848106406185016,0.0002248808317946706,0.00038855231600204627,0.00013211349215604988
1000,31,10,0.02095685522351266,0.5,1,1,0.5R,1.3919410907075054,4.022650809662908,0.5082650227325636,3.0839372804130885,2.7838821814150108,2.73861278752583,0.4513519453031993,0.5,5000,0.0338,0.0504,0.0166,0.9496,0.0,0.0018380574667350568,0.0001153307459680385,harmonic_moment_beta_2,5000,0.0,0.5108777212084108,0.010877721208410818,0.011827348346997975,0.011943307696016486,0.10928544137265717,0.00029296194928775404,-0.0018562354012602042,0.00021161964672484194
1000,31,10,0.02095685522351266,0.5,1,1,1.5R,4.175823272122516,65.093407195166,0.5082650227325636,3.0839372804130885,2.7838821814150108,8.21583836257749,1.3540558359095978,1.5,5000,0.9268,0.9468,0.02,0.0532,0.0,0.018377811019338303,0.0003475387493235698,hill,5000,0.0,0.6355675357669051,0.13556753576690506,0.008320619223829167,0.02669751185389548,0.16339373260286172,0.00042392518246677603,0.0,0.0
1000,31,10,0.02095685522351266,0.5,1,1,1.5R,4.175823272122516,65.093407195166,0.5082650227325636,3.0839372804130885,2.7838821814150108,8.21583836257749,1.3540558359095978,1.5,5000,0.9268,0.9468,0.02,0.0532,0.0,0.018377811019338303,0.0003475387493235698,oracle_trimmed_hill,5000,0.0,0.5006469540640018,0.0006469540640017541,0.008554315526772827,0.0085530232132284,0.09248255626456484,0.00017673350598558198,0.018144488640667082,0.00034947816456615017
1000,31,10,0.02095685522351266,0.5,1,1,1.5R,4.175823272122516,65.093407195166,0.5082650227325636,3.0839372804130885,2.7838821814150108,8.21583836257749,1.3540558359095978,1.5,5000,0.9268,0.9468,0.02,0.0532,0.0,0.018377811019338303,0.0003475387493235698,adaptive_trimmed_hill,5000,0.0,0.5046376147454815,0.004637614745481517,0.011886086644278994,0.011905216897477646,0.10911103013663488,0.0003373597378836021,0.01479229495641784,0.00033075752597026137
1000,31,10,0.02095685522351266,0.5,1,1,1.5R,4.175823272122516,65.093407195166,0.5082650227325636,3.0839372804130885,2.7838821814150108,8.21583836257749,1.3540558359095978,1.5,5000,0.9268,0.9468,0.02,0.0532,0.0,0.018377811019338303,0.0003475387493235698,harmonic_moment_beta_0.5,5000,0.0,0.5378625196158081,0.03786251961580807,0.008529847752769623,0.009961712174876519,0.09980837727804474,0.00022835158067446203,0.016735799679018965,0.00026693001774554827
1000,31,10,0.02095685522351266,0.5,1,1,1.5R,4.175823272122516,65.093407195166,0.5082650227325636,3.0839372804130885,2.7838821814150108,8.21583836257749,1.3540558359095978,1.5,5000,0.9268,0.9468,0.02,0.0532,0.0,0.018377811019338303,0.0003475387493235698,harmonic_moment_beta_1,5000,0.0,0.5176498923968152,0.017649892396815265,0.009562790153125634,0.009872396296714164,0.09935993305510106,0.00022870265213428205,0.01682511555718132,0.0003181334437895135
1000,31,10,0.02095685522351266,0.5,1,1,1.5R,4.175823272122516,65.093407195166,0.5082650227325636,3.0839372804130885,2.7838821814150108,8.21583836257749,1.3540558359095978,1.5,5000,0.9268,0.9468,0.02,0.0532,0.0,0.018377811019338303,0.0003475387493235698,harmonic_moment_beta_2,5000,0.0,0.5132399586287097,0.013239958628709792,0.011890911778780036,0.012063830100914226,0.10983546831927392,0.00029666478606358844,0.014633681752981258,0.0003539837643924809
1000,31,10,0.02095685522351266,0.5,3,0,0,0.0,1.0,0.9112393444409339,3.0839372804130885,2.7838821814150108,0.0,0.0,0.0,5000,0.9736,0.0264,0.0264,0.0,0.0,0.0,0.0,hill,5000,0.0,0.49767190475677053,-0.0023280952432293955,0.008010050644258844,0.008013868661591539,0.08952021370389784,0.00016515452578752394,0.0,0.0
1000,31,10,0.02095685522351266,0.5,3,0,0,0.0,1.0,0.9112393444409339,3.0839372804130885,2.7838821814150108,0.0,0.0,0.0,5000,0.9736,0.0264,0.0264,0.0,0.0,0.0,0.0,oracle_trimmed_hill,5000,0.0,0.49767190475677053,-0.0023280952432293955,0.008010050644258844,0.008013868661591539,0.08952021370389784,0.00016515452578752394,0.0,0.0
1000,31,10,0.02095685522351266,0.5,3,0,0,0.0,1.0,0.9112393444409339,3.0839372804130885,2.7838821814150108,0.0,0.0,0.0,5000,0.9736,0.0264,0.0264,0.0,0.0,0.0,0.0,adaptive_trimmed_hill,5000,0.0,0.4948834678255678,-0.0051165321744321745,0.00833590024935024,0.00836041197079237,0.09143528843281663,0.00017014182104126268,-0.00034654330920083,4.718769577462572e-05
1000,31,10,0.02095685522351266,0.5,3,0,0,0.0,1.0,0.9112393444409339,3.0839372804130885,2.7838821814150108,0.0,0.0,0.0,5000,0.9736,0.0264,0.0264,0.0,0.0,0.0,0.0,harmonic_moment_beta_0.5,5000,0.0,0.5010899410715676,0.0010899410715676052,0.008613151492969614,0.008612616834210511,0.09280418543476641,0.0001832618205909076,-0.0005987481726189715,6.172093857236081e-05
1000,31,10,0.02095685522351266,0.5,3,0,0,0.0,1.0,0.9112393444409339,3.0839372804130885,2.7838821814150108,0.0,0.0,0.0,5000,0.9736,0.0264,0.0264,0.0,0.0,0.0,0.0,harmonic_moment_beta_1,5000,0.0,0.5038601089844958,0.0038601089844959254,0.009567425314928286,0.009580412271237486,0.0978795804610823,0.00021343943880171374,-0.0015665436096459467,0.00011268242648608948
1000,31,10,0.02095685522351266,0.5,3,0,0,0.0,1.0,0.9112393444409339,3.0839372804130885,2.7838821814150108,0.0,0.0,0.0,5000,0.9736,0.0264,0.0264,0.0,0.0,0.0,0.0,harmonic_moment_beta_2,5000,0.0,0.5087252245667774,0.008725224566777377,0.011928719937934764,0.012002463737687872,0.10955575629645332,0.0002909540947061719,-0.003988595076096334,0.00021345404921952916
1000,31,10,0.02095685522351266,0.5,3,3,0.5I,0.45561967222046695,1.1640126582944066,0.9112393444409339,3.0839372804130885,2.7838821814150108,0.5,0.14773960388696278,0.1636634176769943,5000,0.0046,0.0196,0.0108,0.9846,0.0,0.00018867938650310223,3.7323789627989854e-05,hill,5000,0.0,0.513767502061406,0.01376750206140593,0.008061204375098507,0.008249136247234305,0.0908247556959792,0.00017768877387194025,0.0,0.0
1000,31,10,0.02095685522351266,0.5,3,3,0.5I,0.45561967222046695,1.1640126582944066,0.9112393444409339,3.0839372804130885,2.7838821814150108,0.5,0.14773960388696278,0.1636634176769943,5000,0.0046,0.0196,0.0108,0.9846,0.0,0.00018867938650310223,3.7323789627989854e-05,oracle_trimmed_hill,5000,0.0,0.4989575793279836,-0.00104242067201645,0.00893942945332637,0.008938728208293152,0.09454484760309867,0.00018579854097744696,-0.000689591961058848,8.62249814644639e-05
1000,31,10,0.02095685522351266,0.5,3,3,0.5I,0.45561967222046695,1.1640126582944066,0.9112393444409339,3.0839372804130885,2.7838821814150108,0.5,0.14773960388696278,0.1636634176769943,5000,0.0046,0.0196,0.0108,0.9846,0.0,0.00018867938650310223,3.7323789627989854e-05,adaptive_trimmed_hill,5000,0.0,0.5114839704128044,0.01148397041280429,0.008364150093094212,0.008494358839517756,0.09216484600712875,0.0001835899148755432,-0.0002452225922834531,4.8326534224715834e-05
1000,31,10,0.02095685522351266,0.5,3,3,0.5I,0.45561967222046695,1.1640126582944066,0.9112393444409339,3.0839372804130885,2.7838821814150108,0.5,0.14773960388696278,0.1636634176769943,5000,0.0046,0.0196,0.0108,0.9846,0.0,0.00018867938650310223,3.7323789627989854e-05,harmonic_moment_beta_0.5,5000,0.0,0.5126373574157915,0.012637357415791476,0.008541420896922022,0.008699415415197096,0.09327065677477078,0.00019151146102968337,-0.0004502791679627936,6.27443669828739e-05
1000,31,10,0.02095685522351266,0.5,3,3,0.5I,0.45561967222046695,1.1640126582944066,0.9112393444409339,3.0839372804130885,2.7838821814150108,0.5,0.14773960388696278,0.1636634176769943,5000,0.0046,0.0196,0.0108,0.9846,0.0,0.00018867938650310223,3.7323789627989854e-05,harmonic_moment_beta_1,5000,0.0,0.5120120771215788,0.01201207712157883,0.00942296256691525,0.009565367971176625,0.0978026992018964,0.00021659745991209608,-0.0013162317239423225,0.00011090102061878802
1000,31,10,0.02095685522351266,0.5,3,3,0.5I,0.45561967222046695,1.1640126582944066,0.9112393444409339,3.0839372804130885,2.7838821814150108,0.5,0.14773960388696278,0.1636634176769943,5000,0.0046,0.0196,0.0108,0.9846,0.0,0.00018867938650310223,3.7323789627989854e-05,harmonic_moment_beta_2,5000,0.0,0.5129031546402155,0.012903154640215558,0.011662950763903855,0.01182710957342039,0.10875251525100645,0.0002883828422463256,-0.0035779733261860867,0.00020708066195497876
1000,31,10,0.02095685522351266,0.5,3,3,1.5I,1.366859016661401,1.5771503965769087,0.9112393444409339,3.0839372804130885,2.7838821814150108,1.5000000000000002,0.4432188116608884,0.490990253030983,5000,0.0306,0.0476,0.0152,0.9542,0.0,0.0018835532052948682,0.00011197895151433189,hill,5000,0.0,0.5434053567561138,0.04340535675611382,0.008062296211401636,0.009944708747284873,0.09972316053598017,0.0002305847126851944,0.0,0.0
1000,31,10,0.02095685522351266,0.5,3,3,1.5I,1.366859016661401,1.5771503965769087,0.9112393444409339,3.0839372804130885,2.7838821814150108,1.5000000000000002,0.4432188116608884,0.490990253030983,5000,0.0306,0.0476,0.0152,0.9542,0.0,0.0018835532052948682,0.00011197895151433189,oracle_trimmed_hill,5000,0.0,0.49936378122335484,-0.000636218776645135,0.008888972143407628,0.008887599123310701,0.09427406389517055,0.00018984530458994225,0.0010571096239741712,0.0001332762035082102
1000,31,10,0.02095685522351266,0.5,3,3,1.5I,1.366859016661401,1.5771503965769087,0.9112393444409339,3.0839372804130885,2.7838821814150108,1.5000000000000002,0.4432188116608884,0.490990253030983,5000,0.0306,0.0476,0.0152,0.9542,0.0,0.0018835532052948682,0.00011197895151433189,adaptive_trimmed_hill,5000,0.0,0.5378708017420629,0.03787080174206301,0.008858144688886316,0.010290570684535181,0.1014424501110614,0.00023200087770919328,-0.0003458619372503076,6.788321690435196e-05
1000,31,10,0.02095685522351266,0.5,3,3,1.5I,1.366859016661401,1.5771503965769087,0.9112393444409339,3.0839372804130885,2.7838821814150108,1.5000000000000002,0.4432188116608884,0.490990253030983,5000,0.0306,0.0476,0.0152,0.9542,0.0,0.0018835532052948682,0.00011197895151433189,harmonic_moment_beta_0.5,5000,0.0,0.531937981872793,0.03193798187279293,0.00839074659433818,0.009409103131126162,0.0970005316022864,0.0002211719184135047,0.0005356056161587098,8.168515998357581e-05
1000,31,10,0.02095685522351266,0.5,3,3,1.5I,1.366859016661401,1.5771503965769087,0.9112393444409339,3.0839372804130885,2.7838821814150108,1.5000000000000002,0.4432188116608884,0.490990253030983,5000,0.0306,0.0476,0.0152,0.9542,0.0,0.0018835532052948682,0.00011197895151433189,harmonic_moment_beta_1,5000,0.0,0.524277576361757,0.0242775763617569,0.00926374991617144,0.009851297880189144,0.09925370461695193,0.00023819613661648834,9.341086709572968e-05,0.0001330022601086735
1000,31,10,0.02095685522351266,0.5,3,3,1.5I,1.366859016661401,1.5771503965769087,0.9112393444409339,3.0839372804130885,2.7838821814150108,1.5000000000000002,0.4432188116608884,0.490990253030983,5000,0.0306,0.0476,0.0152,0.9542,0.0,0.0018835532052948682,0.00011197895151433189,harmonic_moment_beta_2,5000,0.0,0.5182514362489526,0.01825143624895267,0.011596002136506705,0.011926797861228987,0.10920987987004192,0.00031662955724069084,-0.0019820891139441144,0.00023431331908367402
1000,31,10,0.02095685522351266,0.5,3,3,0.5D,1.5419686402065442,1.6719482224277904,0.9112393444409339,3.0839372804130885,2.7838821814150108,1.6921664430024992,0.5,0.5538914866802236,5000,0.0472,0.067,0.0176,0.9352,0.0,0.002560675966284283,0.000126695421589169,hill,5000,0.0,0.5506105946772409,0.050610594677241036,0.008109688259010907,0.01066949861494308,0.10329326509963309,0.0002376265522502044,0.0,0.0
1000,31,10,0.02095685522351266,0.5,3,3,0.5D,1.5419686402065442,1.6719482224277904,0.9112393444409339,3.0839372804130885,2.7838821814150108,1.6921664430024992,0.5,0.5538914866802236,5000,0.0472,0.067,0.0176,0.9352,0.0,0.002560675966284283,0.000126695421589169,oracle_trimmed_hill,5000,0.0,0.5010418137234436,0.0010418137234435192,0.00898087771207316,0.008980166912365101,0.09476374260425292,0.00019471132507357786,0.0016893317025779798,0.00014349755316114322
1000,31,10,0.02095685522351266,0.5,3,3,0.5D,1.5419686402065442,1.6719482224277904,0.9112393444409339,3.0839372804130885,2.7838821814150108,1.6921664430024992,0.5,0.5538914866802236,5000,0.0472,0.067,0.0176,0.9352,0.0,0.002560675966284283,0.000126695421589169,adaptive_trimmed_hill,5000,0.0,0.5426843132864491,0.04268431328644906,0.009390330943807429,0.011210403478354397,0.10587919284899369,0.0002402190183220988,-0.000540904863411316,8.459722855661786e-05
1000,31,10,0.02095685522351266,0.5,3,3,0.5D,1.5419686402065442,1.6719482224277904,0.9112393444409339,3.0839372804130885,2.7838821814150108,1.6921664430024992,0.5,0.5538914866802236,5000,0.0472,0.067,0.0176,0.9352,0.0,0.002560675966284283,0.000126695421589169,harmonic_moment_beta_0.5,5000,0.0,0.5365041878362641,0.036504187836264156,0.008471539858146724,0.009802401279760353,0.0990070769175636,0.00023084267739296335,0.0008670973351827296,8.864667438329625e-05
1000,31,10,0.02095685522351266,0.5,3,3,0.5D,1.5419686402065442,1.6719482224277904,0.9112393444409339,3.0839372804130885,2.7838821814150108,1.6921664430024992,0.5,0.5538914866802236,5000,0.0472,0.067,0.0176,0.9352,0.0,0.002560675966284283,0.000126695421589169,harmonic_moment_beta_1,5000,0.0,0.5272452395522558,0.027245239552255753,0.00944898927318753,0.010189402553592694,0.10094257057155169,0.00025139327216016673,0.00048009606135038707,0.0001443509218141184
1000,31,10,0.02095685522351266,0.5,3,3,0.5D,1.5419686402065442,1.6719482224277904,0.9112393444409339,3.0839372804130885,2.7838821814150108,1.6921664430024992,0.5,0.5538914866802236,5000,0.0472,0.067,0.0176,0.9352,0.0,0.002560675966284283,0.000126695421589169,harmonic_moment_beta_2,5000,0.0,0.5198521346932801,0.019852134693280055,0.012017915008106502,0.012409618676985014,0.11139846801902176,0.00032900638340296597,-0.0017401200620419325,0.00023975880426350501
1000,31,10,0.02095685522351266,0.5,3,3,1.5D,4.6259059206196325,4.673782215790056,0.9112393444409339,3.0839372804130885,2.7838821814150108,5.076499329007497,1.5,1.6616744600406708,5000,0.9692,0.9812,0.012,0.0188,0.0,0.021878140706345448,0.0003759198603584512,hill,5000,0.0,0.6479183632534037,0.14791836325340382,0.007932870230136505,0.029811125843656403,0.17265898714997838,0.00044567899404522187,0.0,0.0
1000,31,10,0.02095685522351266,0.5,3,3,1.5D,4.6259059206196325,4.673782215790056,0.9112393444409339,3.0839372804130885,2.7838821814150108,5.076499329007497,1.5,1.6616744600406708,5000,0.9692,0.9812,0.012,0.0188,0.0,0.021878140706345448,0.0003759198603584512,oracle_trimmed_hill,5000,0.0,0.49855194510097517,-0.0014480548990247852,0.00878973722450957,0.008790076140055258,0.09375540592443328,0.00018357778953686057,0.021021049703601146,0.0003791651294608718
1000,31,10,0.02095685522351266,0.5,3,3,1.5D,4.6259059206196325,4.673782215790056,0.9112393444409339,3.0839372804130885,2.7838821814150108,5.076499329007497,1.5,1.6616744600406708,5000,0.9692,0.9812,0.012,0.0188,0.0,0.021878140706345448,0.0003759198603584512,adaptive_trimmed_hill,5000,0.0,0.49931862539154637,-0.0006813746084536404,0.010239750582252457,0.010238166903493053,0.10118382728229375,0.0002875742431745113,0.01957295894016335,0.0003708850552109853
1000,31,10,0.02095685522351266,0.5,3,3,1.5D,4.6259059206196325,4.673782215790056,0.9112393444409339,3.0839372804130885,2.7838821814150108,5.076499329007497,1.5,1.6616744600406708,5000,0.9692,0.9812,0.012,0.0188,0.0,0.021878140706345448,0.0003759198603584512,harmonic_moment_beta_0.5,5000,0.0,0.5796425275357969,0.07964252753579697,0.00800372453285848,0.014345055980242086,0.11977084778961067,0.0003029383318696354,0.015466069863414316,0.00021266986739382687
1000,31,10,0.02095685522351266,0.5,3,3,1.5D,4.6259059206196325,4.673782215790056,0.9112393444409339,3.0839372804130885,2.7838821814150108,5.076499329007497,1.5,1.6616744600406708,5000,0.9692,0.9812,0.012,0.0188,0.0,0.021878140706345448,0.0003759198603584512,harmonic_moment_beta_1,5000,0.0,0.5444111859360411,0.044411185936041125,0.00900415248946507,0.010974705095212794,0.10476022668557373,0.00026737396253477926,0.018836420748443605,0.0002949095408394046
1000,31,10,0.02095685522351266,0.5,3,3,1.5D,4.6259059206196325,4.673782215790056,0.9112393444409339,3.0839372804130885,2.7838821814150108,5.076499329007497,1.5,1.6616744600406708,5000,0.9692,0.9812,0.012,0.0188,0.0,0.021878140706345448,0.0003759198603584512,harmonic_moment_beta_2,5000,0.0,0.5206849291286956,0.020684929128695642,0.01144336683316982,0.011868944452862348,0.10894468528965673,0.0003074100026267869,0.017942181390794055,0.00036597305185402277
1000,31,10,0.02095685522351266,0.5,3,3,0.5R,1.3919410907075054,1.5903917405160104,0.9112393444409339,3.0839372804130885,2.7838821814150108,1.5275252316519465,0.4513519453031993,0.5,5000,0.0302,0.0468,0.0148,0.955,0.0,0.002115449841192527,0.00011187025012678912,hill,5000,0.0,0.5460073152276392,0.04600731522763922,0.007759270775326825,0.009874391975627124,0.09936997522203135,0.00021435115706657708,0.0,0.0
1000,31,10,0.02095685522351266,0.5,3,3,0.5R,1.3919410907075054,1.5903917405160104,0.9112393444409339,3.0839372804130885,2.7838821814150108,1.5275252316519465,0.4513519453031993,0.5,5000,0.0302,0.0468,0.0148,0.955,0.0,0.002115449841192527,0.00011187025012678912,oracle_trimmed_hill,5000,0.0,0.5017482649131397,0.0017482649131397203,0.008582278024901876,0.008583617999503412,0.09264781702502986,0.0001793632960513927,0.0012907739761237114,0.00013011130724602992
1000,31,10,0.02095685522351266,0.5,3,3,0.5R,1.3919410907075054,1.5903917405160104,0.9112393444409339,3.0839372804130885,2.7838821814150108,1.5275252316519465,0.4513519453031993,0.5,5000,0.0302,0.0468,0.0148,0.955,0.0,0.002115449841192527,0.00011187025012678912,adaptive_trimmed_hill,5000,0.0,0.5405189479833027,0.04051894798330271,0.00857505678890621,0.010215126923222021,0.10106991106764673,0.00021662234400818189,-0.00034073494759489766,6.442474223432652e-05
1000,31,10,0.02095685522351266,0.5,3,3,0.5R,1.3919410907075054,1.5903917405160104,0.9112393444409339,3.0839372804130885,2.7838821814150108,1.5275252316519465,0.4513519453031993,0.5,5000,0.0302,0.0468,0.0148,0.955,0.0,0.002115449841192527,0.00011187025012678912,harmonic_moment_beta_0.5,5000,0.0,0.5341607950929939,0.034160795092993815,0.0080523457016479,0.009217695153893082,0.09600882852057452,0.00020781174462735543,0.0006566968217340423,7.596239518005123e-05
1000,31,10,0.02095685522351266,0.5,3,3,0.5R,1.3919410907075054,1.5903917405160104,0.9112393444409339,3.0839372804130885,2.7838821814150108,1.5275252316519465,0.4513519453031993,0.5,5000,0.0302,0.0468,0.0148,0.955,0.0,0.002115449841192527,0.00011187025012678912,harmonic_moment_beta_1,5000,0.0,0.5261902331155538,0.026190233115553803,0.008877815827904489,0.009561968575385958,0.09778531881313246,0.00022275098804788965,0.0003124234002411641,0.00012414280425631375
1000,31,10,0.02095685522351266,0.5,3,3,0.5R,1.3919410907075054,1.5903917405160104,0.9112393444409339,3.0839372804130885,2.7838821814150108,1.5275252316519465,0.4513519453031993,0.5,5000,0.0302,0.0468,0.0148,0.955,0.0,0.002115449841192527,0.00011187025012678912,harmonic_moment_beta_2,5000,0.0,0.5197857264627148,0.01978572646271469,0.011068626829428968,0.011457888075720448,0.10704152500651534,0.0002832849725728259,-0.0015834961000933255,0.0002063058981847872
1000,31,10,0.02095685522351266,0.5,3,3,1.5R,4.175823272122516,4.022650809662908,0.9112393444409339,3.0839372804130885,2.7838821814150108,4.582575694955839,1.3540558359095978,1.5,5000,0.9262,0.9422,0.016,0.0578,0.0,0.01825042235382069,0.00034781371214360823,hill,5000,0.0,0.6350946890521734,0.1350946890521734,0.008333790508908047,0.026582698760909695,0.16304201532399462,0.0004351068269854081,0.0,0.0
1000,31,10,0.02095685522351266,0.5,3,3,1.5R,4.175823272122516,4.022650809662908,0.9112393444409339,3.0839372804130885,2.7838821814150108,4.582575694955839,1.3540558359095978,1.5,5000,0.9262,0.9422,0.016,0.0578,0.0,0.01825042235382069,0.00034781371214360823,oracle_trimmed_hill,5000,0.0,0.5002933528949564,0.00029335289495633504,0.009147040383524837,0.00914529703136911,0.0956310463780937,0.00020481799470645562,0.017437401729540575,0.000352601433005781
1000,31,10,0.02095685522351266,0.5,3,3,1.5R,4.175823272122516,4.022650809662908,0.9112393444409339,3.0839372804130885,2.7838821814150108,4.582575694955839,1.3540558359095978,1.5,5000,0.9262,0.9422,0.016,0.0578,0.0,0.01825042235382069,0.00034781371214360823,adaptive_trimmed_hill,5000,0.0,0.504671144445614,0.004671144445614014,0.012437772975419136,0.012457105011255843,0.11161140179773679,0.00035929554446059714,0.014125593749653848,0.0003321211800049393
1000,31,10,0.02095685522351266,0.5,3,3,1.5R,4.175823272122516,4.022650809662908,0.9112393444409339,3.0839372804130885,2.7838821814150108,4.582575694955839,1.3540558359095978,1.5,5000,0.9262,0.9422,0.016,0.0578,0.0,0.01825042235382069,0.00034781371214360823,harmonic_moment_beta_0.5,5000,0.0,0.5761314036850701,0.07613140368507006,0.008357314540092389,0.014151633704243466,0.11896063930663564,0.00031012040225004473,0.01243106505666622,0.00019358923989191705
1000,31,10,0.02095685522351266,0.5,3,3,1.5R,4.175823272122516,4.022650809662908,0.9112393444409339,3.0839372804130885,2.7838821814150108,4.582575694955839,1.3540558359095978,1.5,5000,0.9262,0.9422,0.016,0.0578,0.0,0.01825042235382069,0.00034781371214360823,harmonic_moment_beta_1,5000,0.0,0.5445525368999774,0.04455253689997744,0.009308425651423096,0.011291492510516662,0.10626143472829953,0.00027751370664069123,0.015291206250393026,0.0002722140037910415
1000,31,10,0.02095685522351266,0.5,3,3,1.5R,4.175823272122516,4.022650809662908,0.9112393444409339,3.0839372804130885,2.7838821814150108,4.582575694955839,1.3540558359095978,1.5,5000,0.9262,0.9422,0.016,0.0578,0.0,0.01825042235382069,0.00034781371214360823,harmonic_moment_beta_2,5000,0.0,0.5224724851659357,0.022472485165935734,0.011707695740136078,0.012210366790521251,0.11050052846263339,0.00031198318539306613,0.014372331970388435,0.00034286147896568365
1000,31,10,0.02095685522351266,0.5,5,0,0,0.0,1.0,1.2208130960079906,3.0839372804130885,2.7838821814150108,0.0,0.0,0.0,5000,0.9772,0.0228,0.0228,0.0,0.0,0.0,0.0,hill,5000,0.0,0.4984728944828552,-0.0015271055171448412,0.007831689091586507,0.007832454805028683,0.08850115708299346,0.00016192140298923113,0.0,0.0
1000,31,10,0.02095685522351266,0.5,5,0,0,0.0,1.0,1.2208130960079906,3.0839372804130885,2.7838821814150108,0.0,0.0,0.0,5000,0.9772,0.0228,0.0228,0.0,0.0,0.0,0.0,oracle_trimmed_hill,5000,0.0,0.4984728944828552,-0.0015271055171448412,0.007831689091586507,0.007832454805028683,0.08850115708299346,0.00016192140298923113,0.0,0.0
1000,31,10,0.02095685522351266,0.5,5,0,0,0.0,1.0,1.2208130960079906,3.0839372804130885,2.7838821814150108,0.0,0.0,0.0,5000,0.9772,0.0228,0.0228,0.0,0.0,0.0,0.0,adaptive_trimmed_hill,5000,0.0,0.49602317918922456,-0.003976820810775396,0.00809114000751395,0.008105336883273462,0.09002964446932722,0.00016903169886006684,-0.00027288207824477726,4.750159023103633e-05
1000,31,10,0.02095685522351266,0.5,5,0,0,0.0,1.0,1.2208130960079906,3.0839372804130885,2.7838821814150108,0.0,0.0,0.0,5000,0.9772,0.0228,0.0228,0.0,0.0,0.0,0.0,harmonic_moment_beta_0.5,5000,0.0,0.5014179488529117,0.0014179488529115964,0.008405672435638518,0.008406001880100865,0.0916842509927461,0.00018119927387752325,-0.0005735470750721808,5.625793365807666e-05
1000,31,10,0.02095685522351266,0.5,5,0,0,0.0,1.0,1.2208130960079906,3.0839372804130885,2.7838821814150108,0.0,0.0,0.0,5000,0.9772,0.0228,0.0228,0.0,0.0,0.0,0.0,harmonic_moment_beta_1,5000,0.0,0.5038112225222356,0.0038112225222356327,0.009285938033934401,0.00929860626344161,0.0964292811517415,0.00020836929493195776,-0.0014661514584129256,0.00010396660528457531
1000,31,10,0.02095685522351266,0.5,5,0,0,0.0,1.0,1.2208130960079906,3.0839372804130885,2.7838821814150108,0.0,0.0,0.0,5000,0.9772,0.0228,0.0228,0.0,0.0,0.0,0.0,harmonic_moment_beta_2,5000,0.0,0.5081256502694489,0.008125650269448908,0.011447172893073109,0.011510909650795887,0.10728890739864903,0.0002761146968815932,-0.0036784548457672044,0.00019648797803556296
1000,31,10,0.02095685522351266,0.5,5,5,0.5I,0.6104065480039953,1.1298459653699808,1.2208130960079906,3.0839372804130885,2.7838821814150108,0.5,0.19793092157899927,0.2192645048267573,5000,0.0054,0.0226,0.011,0.9836,0.0,0.0004108463058254188,5.050985421100372e-05,hill,5000,0.0,0.5202778511557323,0.020277851155732298,0.008225215080671927,0.008634761285149827,0.09292341623697348,0.00018911617048836122,0.0,0.0
1000,31,10,0.02095685522351266,0.5,5,5,0.5I,0.6104065480039953,1.1298459653699808,1.2208130960079906,3.0839372804130885,2.7838821814150108,0.5,0.19793092157899927,0.2192645048267573,5000,0.0054,0.0226,0.011,0.9836,0.0,0.0004108463058254188,5.050985421100372e-05,oracle_trimmed_hill,5000,0.0,0.5008692408016245,0.0008692408016245272,0.00974790786992432,0.009746713867921546,0.09872544691173368,0.00019896861578997405,-0.0011119525827717194,0.00011342700726127368
1000,31,10,0.02095685522351266,0.5,5,5,0.5I,0.6104065480039953,1.1298459653699808,1.2208130960079906,3.0839372804130885,2.7838821814150108,0.5,0.19793092157899927,0.2192645048267573,5000,0.0054,0.0226,0.011,0.9836,0.0,0.0004108463058254188,5.050985421100372e-05,adaptive_trimmed_hill,5000,0.0,0.5176001457631539,0.017600145763154013,0.0084681091197073,0.008776180628767626,0.09368127149418728,0.00019042992309363846,-0.00014141934361780052,4.1455886887517475e-05
1000,31,10,0.02095685522351266,0.5,5,5,0.5I,0.6104065480039953,1.1298459653699808,1.2208130960079906,3.0839372804130885,2.7838821814150108,0.5,0.19793092157899927,0.2192645048267573,5000,0.0054,0.0226,0.011,0.9836,0.0,0.0004108463058254188,5.050985421100372e-05,harmonic_moment_beta_0.5,5000,0.0,0.5198932308877999,0.019893230887799988,0.008761707976120454,0.009155696269680548,0.09568540259454704,0.00020188567516076487,-0.0005209349845307235,6.124218006428363e-05
1000,31,10,0.02095685522351266,0.5,5,5,0.5I,0.6104065480039953,1.1298459653699808,1.2208130960079906,3.0839372804130885,2.7838821814150108,0.5,0.19793092157899927,0.2192645048267573,5000,0.0054,0.0226,0.011,0.9836,0.0,0.0004108463058254188,5.050985421100372e-05,harmonic_moment_beta_1,5000,0.0,0.5191980831175226,0.01919808311752253,0.009679109192833935,0.010045739766382672,0.100228437912514,0.0002260614404066439,-0.001410978481232847,0.00011072258777657665
1000,31,10,0.02095685522351266,0.5,5,5,0.5I,0.6104065480039953,1.1298459653699808,1.2208130960079906,3.0839372804130885,2.7838821814150108,0.5,0.19793092157899927,0.2192645048267573,5000,0.0054,0.0226,0.011,0.9836,0.0,0.0004108463058254188,5.050985421100372e-05,harmonic_moment_beta_2,5000,0.0,0.5191771313660183,0.01917713136601825,0.012064391300159457,0.012429740789328948,0.11148874736639994,0.000296213007724778,-0.003794979504179122,0.00020528666146245843
1000,31,10,0.02095685522351266,0.5,5,5,1.5I,1.831219644011986,1.4423070199725327,1.2208130960079906,3.0839372804130885,2.7838821814150108,1.5,0.5937927647369978,0.6577935144802719,5000,0.078,0.0896,0.0094,0.9126,0.0,0.0036724410505042135,0.00014871736348147797,hill,5000,0.0,0.5606204586693628,0.060620458669362755,0.007922748660404858,0.011596004119956696,0.10768474413749005,0.0002457345631289349,0.0,0.0
1000,31,10,0.02095685522351266,0.5,5,5,1.5I,1.831219644011986,1.4423070199725327,1.2208130960079906,3.0839372804130885,2.7838821814150108,1.5,0.5937927647369978,0.6577935144802719,5000,0.078,0.0896,0.0094,0.9126,0.0,0.0036724410505042135,0.00014871736348147797,oracle_trimmed_hill,5000,0.0,0.5013094853278177,0.0013094853278176753,0.009482674186446521,0.009482492403433001,0.09737808995576469,0.0001976366294323556,0.002113511716523694,0.0001777258540258849
1000,31,10,0.02095685522351266,0.5,5,5,1.5I,1.831219644011986,1.4423070199725327,1.2208130960079906,3.0839372804130885,2.7838821814150108,1.5,0.5937927647369978,0.6577935144802719,5000,0.078,0.0896,0.0094,0.9126,0.0,0.0036724410505042135,0.00014871736348147797,adaptive_trimmed_hill,5000,0.0,0.5504050096776706,0.0504050096776706,0.00970868905038319,0.01224741231317918,0.11066802751101684,0.00024780314602713174,-0.0006514081932224858,8.559060597416921e-05
1000,31,10,0.02095685522351266,0.5,5,5,1.5I,1.831219644011986,1.4423070199725327,1.2208130960079906,3.0839372804130885,2.7838821814150108,1.5,0.5937927647369978,0.6577935144802719,5000,0.078,0.0896,0.0094,0.9126,0.0,0.0036724410505042135,0.00014871736348147797,harmonic_moment_beta_0.5,5000,0.0,0.5491866493244926,0.04918664932449253,0.0081761858954801,0.010593877130071606,0.10292656182964437,0.00023726755165217106,0.00100212698988509,8.802436605565895e-05
1000,31,10,0.02095685522351266,0.5,5,5,1.5I,1.831219644011986,1.4423070199725327,1.2208130960079906,3.0839372804130885,2.7838821814150108,1.5,0.5937927647369978,0.6577935144802719,5000,0.078,0.0896,0.0094,0.9126,0.0,0.0036724410505042135,0.00014871736348147797,harmonic_moment_beta_1,5000,0.0,0.5393279133863623,0.03932791338636237,0.008966522247276608,0.010511413714152373,0.10252518575526881,0.0002491234618074599,0.0010845904058043208,0.00014422482528730983
1000,31,10,0.02095685522351266,0.5,5,5,1.5I,1.831219644011986,1.4423070199725327,1.2208130960079906,3.0839372804130885,2.7838821814150108,1.5,0.5937927647369978,0.6577935144802719,5000,0.078,0.0896,0.0094,0.9126,0.0,0.0036724410505042135,0.00014871736348147797,harmonic_moment_beta_2,5000,0.0,0.5278405063804549,0.02784050638045484,0.011150769442134943,0.011923633083766661,0.10919538948035609,0.00030224901563576133,-0.0003276289638099668,0.00023034035606917116
1000,31,10,0.02095685522351266,0.5,5,5,0.5D,1.5419686402065442,1.361236840555313,1.2208130960079906,3.0839372804130885,2.7838821814150108,1.263066922568835,0.5,0.5538914866802236,5000,0.0414,0.0568,0.0116,0.947,0.0,0.002678121922873642,0.00012666074912026323,hill,5000,0.0,0.5517911714280699,0.0517911714280699,0.008105250143803555,0.010785954531666518,0.10385545017795897,0.0002392265353177925,0.0,0.0
1000,31,10,0.02095685522351266,0.5,5,5,0.5D,1.5419686402065442,1.361236840555313,1.2208130960079906,3.0839372804130885,2.7838821814150108,1.263066922568835,0.5,0.5538914866802236,5000,0.0414,0.0568,0.0116,0.947,0.0,0.002678121922873642,0.00012666074912026323,oracle_trimmed_hill,5000,0.0,0.5011749159252391,0.0011749159252391244,0.009334982569906837,0.009334496000824238,0.09661519549648614,0.0001953204968854281,0.0014514585308422812,0.00017021570588417566
1000,31,10,0.02095685522351266,0.5,5,5,0.5D,1.5419686402065442,1.361236840555313,1.2208130960079906,3.0839372804130885,2.7838821814150108,1.263066922568835,0.5,0.5538914866802236,5000,0.0414,0.0568,0.0116,0.947,0.0,0.002678121922873642,0.00012666074912026323,adaptive_trimmed_hill,5000,0.0,0.5448418436766559,0.04484184367665588,0.009200684031636297,0.011209634839151612,0.10587556299331594,0.00024020337028168962,-0.00042368030748509317,7.509897153070745e-05
1000,31,10,0.02095685522351266,0.5,5,5,0.5D,1.5419686402065442,1.361236840555313,1.2208130960079906,3.0839372804130885,2.7838821814150108,1.263066922568835,0.5,0.5538914866802236,5000,0.0414,0.0568,0.0116,0.947,0.0,0.002678121922873642,0.00012666074912026323,harmonic_moment_beta_0.5,5000,0.0,0.5428022088827311,0.04280220888273106,0.008263431146525141,0.010093807545536779,0.10046794287501253,0.00023066174149354834,0.0006921469861297406,8.916727413967925e-05
1000,31,10,0.02095685522351266,0.5,5,5,0.5D,1.5419686402065442,1.361236840555313,1.2208130960079906,3.0839372804130885,2.7838821814150108,1.263066922568835,0.5,0.5538914866802236,5000,0.0414,0.0568,0.0116,0.947,0.0,0.002678121922873642,0.00012666074912026323,harmonic_moment_beta_1,5000,0.0,0.5350317064889485,0.035031706488948475,0.009044958584850384,0.01027037005266125,0.10134283424426835,0.000250243513550356,0.0005155844790052696,0.00014787451127523448
1000,31,10,0.02095685522351266,0.5,5,5,0.5D,1.5419686402065442,1.361236840555313,1.2208130960079906,3.0839372804130885,2.7838821814150108,1.263066922568835,0.5,0.5538914866802236,5000,0.0414,0.0568,0.0116,0.947,0.0,0.002678121922873642,0.00012666074912026323,harmonic_moment_beta_2,5000,0.0,0.5260891401886135,0.02608914018861346,0.01135466718408717,0.012033039486431477,0.10969521177531623,0.00032661216529391603,-0.0012470849547649588,0.00024736982533695535
1000,31,10,0.02095685522351266,0.5,5,5,1.5D,4.6259059206196325,2.5223252242456096,1.2208130960079906,3.0839372804130885,2.7838821814150108,3.7892007677065043,1.5,1.6616744600406708,5000,0.9646,0.9758,0.0112,0.0242,0.0,0.022352785617830984,0.00038041389313159306,hill,5000,0.0,0.6495087536016452,0.14950875360164512,0.008123675131331358,0.030474917799822525,0.17457066706586913,0.00045640295519166373,0.0,0.0
1000,31,10,0.02095685522351266,0.5,5,5,1.5D,4.6259059206196325,2.5223252242456096,1.2208130960079906,3.0839372804130885,2.7838821814150108,3.7892007677065043,1.5,1.6616744600406708,5000,0.9646,0.9758,0.0112,0.0242,0.0,0.022352785617830984,0.00038041389313159306,oracle_trimmed_hill,5000,0.0,0.4997065358343847,-0.00029346416561531525,0.009564680404476635,0.00956285358961224,0.0977898440003472,0.00019980293794958292,0.020912064210210288,0.0003951535770631752
1000,31,10,0.02095685522351266,0.5,5,5,1.5D,4.6259059206196325,2.5223252242456096,1.2208130960079906,3.0839372804130885,2.7838821814150108,3.7892007677065043,1.5,1.6616744600406708,5000,0.9646,0.9758,0.0112,0.0242,0.0,0.022352785617830984,0.00038041389313159306,adaptive_trimmed_hill,5000,0.0,0.5007006159682255,0.0007006159682254171,0.011070262931414993,0.01106853974156364,0.10520712780778516,0.0003026933245505526,0.019406378058258882,0.0003880842790803085
1000,31,10,0.02095685522351266,0.5,5,5,1.5D,4.6259059206196325,2.5223252242456096,1.2208130960079906,3.0839372804130885,2.7838821814150108,3.7892007677065043,1.5,1.6616744600406708,5000,0.9646,0.9758,0.0112,0.0242,0.0,0.022352785617830984,0.00038041389313159306,harmonic_moment_beta_0.5,5000,0.0,0.6037382399171225,0.10373823991712257,0.008104515402064229,0.018864516920086297,0.13734815950745863,0.0003557263826961721,0.011610400879736226,0.00018536375408140842
1000,31,10,0.02095685522351266,0.5,5,5,1.5D,4.6259059206196325,2.5223252242456096,1.2208130960079906,3.0839372804130885,2.7838821814150108,3.7892007677065043,1.5,1.6616744600406708,5000,0.9646,0.9758,0.0112,0.0242,0.0,0.022352785617830984,0.00038041389313159306,harmonic_moment_beta_1,5000,0.0,0.5699651955308707,0.06996519553087065,0.00899459729379187,0.01388792696000607,0.11784704900847569,0.00031724944523332435,0.016586990839816455,0.0002726954439263642
1000,31,10,0.02095685522351266,0.5,5,5,1.5D,4.6259059206196325,2.5223252242456096,1.2208130960079906,3.0839372804130885,2.7838821814150108,3.7892007677065043,1.5,1.6616744600406708,5000,0.9646,0.9758,0.0112,0.0242,0.0,0.022352785617830984,0.00038041389313159306,harmonic_moment_beta_2,5000,0.0,0.5359641088431459,0.03596410884314593,0.011435650713889037,0.012726780708627906,0.11281303430290272,0.0003295039825239652,0.01774813709119462,0.0003567147952531518
1000,31,10,0.02095685522351266,0.5,5,5,0.5R,1.3919410907075054,1.3209989334267647,1.2208130960079906,3.0839372804130885,2.7838821814150108,1.140175425099138,0.4513519453031993,0.5,5000,0.0356,0.0506,0.011,0.9534,0.0,0.0021516268323328626,0.00011473174144423217,hill,5000,0.0,0.5464101651516904,0.04641016515169038,0.00816129094679221,0.010313562118010029,0.10155570943088345,0.0002281264956511661,0.0,0.0
1000,31,10,0.02095685522351266,0.5,5,5,0.5R,1.3919410907075054,1.3209989334267647,1.2208130960079906,3.0839372804130885,2.7838821814150108,1.140175425099138,0.4513519453031993,0.5,5000,0.0356,0.0506,0.011,0.9534,0.0,0.0021516268323328626,0.00011473174144423217,oracle_trimmed_hill,5000,0.0,0.501914305590415,0.0019143055904150912,0.009669896121839454,0.00967162670850858,0.09834442896528801,0.00020085349855394883,0.0006419354095014485,0.00015668300818097496
1000,31,10,0.02095685522351266,0.5,5,5,0.5R,1.3919410907075054,1.3209989334267647,1.2208130960079906,3.0839372804130885,2.7838821814150108,1.140175425099138,0.4513519453031993,0.5,5000,0.0356,0.0506,0.011,0.9534,0.0,0.0021516268323328626,0.00011473174144423217,adaptive_trimmed_hill,5000,0.0,0.5403241853176267,0.04032418531762669,0.009044718551887756,0.010668949529707678,0.10329060717077655,0.0002309098848436087,-0.0003553874116976488,7.843641724953011e-05
1000,31,10,0.02095685522351266,0.5,5,5,0.5R,1.3919410907075054,1.3209989334267647,1.2208130960079906,3.0839372804130885,2.7838821814150108,1.140175425099138,0.4513519453031993,0.5,5000,0.0356,0.0506,0.011,0.9534,0.0,0.0021516268323328626,0.00011473174144423217,harmonic_moment_beta_0.5,5000,0.0,0.5396030262203546,0.03960302622035463,0.008526426597846679,0.010093120998337203,0.10046452606934053,0.00022734866426165116,0.00022044111967282461,7.916280436322162e-05
1000,31,10,0.02095685522351266,0.5,5,5,0.5R,1.3919410907075054,1.3209989334267647,1.2208130960079906,3.0839372804130885,2.7838821814150108,1.140175425099138,0.4513519453031993,0.5,5000,0.0356,0.0506,0.011,0.9534,0.0,0.0021516268323328626,0.00011473174144423217,harmonic_moment_beta_1,5000,0.0,0.5334113006638189,0.03341130066381896,0.009381597642868006,0.01049603633538754,0.10245016513108966,0.00024301518912468576,-0.00018247421737751179,0.00013064700380896243
1000,31,10,0.02095685522351266,0.5,5,5,0.5R,1.3919410907075054,1.3209989334267647,1.2208130960079906,3.0839372804130885,2.7838821814150108,1.140175425099138,0.4513519453031993,0.5,5000,0.0356,0.0506,0.011,0.9534,0.0,0.0021516268323328626,0.00011473174144423217,harmonic_moment_beta_2,5000,0.0,0.5262453846831879,0.02624538468318794,0.011689427806595437,0.012375910138202632,0.1112470679982292,0.0002980602909304105,-0.002062348020192605,0.00021462672372228768
1000,31,10,0.02095685522351266,0.5,5,5,1.5R,4.175823272122516,2.3051935773624335,1.2208130960079906,3.0839372804130885,2.7838821814150108,3.4205262752974135,1.3540558359095978,1.5,5000,0.9208,0.9302,0.0094,0.0698,0.0,0.017687042224692084,0.0003396303767243553,hill,5000,0.0,0.6330035105150474,0.13300351051504752,0.007946250170248342,0.02563459472954065,0.16010807203117727,0.00040587547958941857,0.0,0.0
1000,31,10,0.02095685522351266,0.5,5,5,1.5R,4.175823272122516,2.3051935773624335,1.2208130960079906,3.0839372804130885,2.7838821814150108,3.4205262752974135,1.3540558359095978,1.5,5000,0.9208,0.9302,0.0094,0.0698,0.0,0.017687042224692084,0.0003396303767243553,oracle_trimmed_hill,5000,0.0,0.49823410509458554,-0.0017658949054143972,0.009544688453166939,0.009545897900293275,0.09770311100621758,0.00019332798165074864,0.016088696829247375,0.00034927779878274866
1000,31,10,0.02095685522351266,0.5,5,5,1.5R,4.175823272122516,2.3051935773624335,1.2208130960079906,3.0839372804130885,2.7838821814150108,3.4205262752974135,1.3540558359095978,1.5,5000,0.9208,0.9302,0.0094,0.0698,0.0,0.017687042224692084,0.0003396303767243553,adaptive_trimmed_hill,5000,0.0,0.5036145611507035,0.0036145611507033956,0.012748102691739854,0.01275861812351368,0.11295405315221618,0.00033003034547989207,0.012875976606026969,0.0003307760884989665
1000,31,10,0.02095685522351266,0.5,5,5,1.5R,4.175823272122516,2.3051935773624335,1.2208130960079906,3.0839372804130885,2.7838821814150108,3.4205262752974135,1.3540558359095978,1.5,5000,0.9208,0.9302,0.0094,0.0698,0.0,0.017687042224692084,0.0003396303767243553,harmonic_moment_beta_0.5,5000,0.0,0.593921784956291,0.09392178495629111,0.008035578901255495,0.016855273474851037,0.12982786093458923,0.0003307422678416092,0.008779321254689615,0.00015921745962599809
1000,31,10,0.02095685522351266,0.5,5,5,1.5R,4.175823272122516,2.3051935773624335,1.2208130960079906,3.0839372804130885,2.7838821814150108,3.4205262752974135,1.3540558359095978,1.5,5000,0.9208,0.9302,0.0094,0.0698,0.0,0.017687042224692084,0.0003396303767243553,harmonic_moment_beta_1,5000,0.0,0.5641956693919922,0.06419566939199207,0.008883294638773647,0.013002601948531839,0.11402895223815677,0.0003055508897707418,0.012631992781008811,0.00024028027704888364
1000,31,10,0.02095685522351266,0.5,5,5,1.5R,4.175823272122516,2.3051935773624335,1.2208130960079906,3.0839372804130885,2.7838821814150108,3.4205262752974135,1.3540558359095978,1.5,5000,0.9208,0.9302,0.0094,0.0698,0.0,0.017687042224692084,0.0003396303767243553,harmonic_moment_beta_2,5000,0.0,0.5332596395584915,0.03325963955849157,0.01123978092039551,0.012343736587772209,0.11110236985668762,0.0003371070415852353,0.013290858141768442,0.00033059438725196273
1000,31,10,0.02095685522351266,0.5,10,0,0,0.0,1.0,1.9210612146613628,3.0839372804130885,2.7838821814150108,0.0,0.0,0.0,5000,0.9746,0.0254,0.0254,0.0,0.0,0.0,0.0,hill,5000,0.0,0.5001700036537501,0.0001700036537500777,0.008328298631146201,0.00832666187266226,0.09125054450611382,0.00017007976050609932,0.0,0.0
1000,31,10,0.02095685522351266,0.5,10,0,0,0.0,1.0,1.9210612146613628,3.0839372804130885,2.7838821814150108,0.0,0.0,0.0,5000,0.9746,0.0254,0.0254,0.0,0.0,0.0,0.0,oracle_trimmed_hill,5000,0.0,0.5001700036537501,0.0001700036537500777,0.008328298631146201,0.00832666187266226,0.09125054450611382,0.00017007976050609932,0.0,0.0
1000,31,10,0.02095685522351266,0.5,10,0,0,0.0,1.0,1.9210612146613628,3.0839372804130885,2.7838821814150108,0.0,0.0,0.0,5000,0.9746,0.0254,0.0254,0.0,0.0,0.0,0.0,adaptive_trimmed_hill,5000,0.0,0.4974174604142712,-0.002582539585728729,0.00857460605003745,0.008579560639539298,0.09262591775275049,0.00017603874682906254,-0.0002528987668770383,4.9844293813904046e-05
1000,31,10,0.02095685522351266,0.5,10,0,0,0.0,1.0,1.9210612146613628,3.0839372804130885,2.7838821814150108,0.0,0.0,0.0,5000,0.9746,0.0254,0.0254,0.0,0.0,0.0,0.0,harmonic_moment_beta_0.5,5000,0.0,0.5033471880568512,0.0033471880568512005,0.008897528776640655,0.008906952938773255,0.09437665462800245,0.00018886573942271078,-0.0005802910661109933,5.88868878996191e-05
1000,31,10,0.02095685522351266,0.5,10,0,0,0.0,1.0,1.9210612146613628,3.0839372804130885,2.7838821814150108,0.0,0.0,0.0,5000,0.9746,0.0254,0.0254,0.0,0.0,0.0,0.0,harmonic_moment_beta_1,5000,0.0,0.5060613320633536,0.00606133206335357,0.009815481511907939,0.009850258161987795,0.0992484667991793,0.00021633804000556822,-0.0015235962893255359,0.00010856458590236838
1000,31,10,0.02095685522351266,0.5,10,0,0,0.0,1.0,1.9210612146613628,3.0839372804130885,2.7838821814150108,0.0,0.0,0.0,5000,0.9746,0.0254,0.0254,0.0,0.0,0.0,0.0,harmonic_moment_beta_2,5000,0.0,0.5111177285572492,0.011117728557249268,0.012132047096978066,0.012253224575831348,0.110694284296125,0.0002875546342459467,-0.003926562703169087,0.00020537764355013248
1000,31,10,0.02095685522351266,0.5,10,10,0.5I,0.9605306073306814,1.1008174726264346,1.9210612146613628,3.0839372804130885,2.7838821814150108,0.5,0.3114624325959119,0.3450327796711771,5000,0.0144,0.0246,0.0,0.9856,0.0,0.0009929771181417066,7.86682764150407e-05,hill,5000,0.0,0.5315160157116441,0.031516015711644134,0.008057684423775453,0.0090493321332273,0.0951279776576129,0.00019749046490532787,0.0,0.0
1000,31,10,0.02095685522351266,0.5,10,10,0.5I,0.9605306073306814,1.1008174726264346,1.9210612146613628,3.0839372804130885,2.7838821814150108,0.5,0.3114624325959119,0.3450327796711771,5000,0.0144,0.0246,0.0,0.9856,0.0,0.0009929771181417066,7.86682764150407e-05,oracle_trimmed_hill,5000,0.0,0.50096173472546,0.0009617347254599716,0.011928115369904338,0.011926654680512511,0.10920922433802244,0.000249550645407008,-0.002877322547285213,0.00019409332954783778
1000,31,10,0.02095685522351266,0.5,10,10,0.5I,0.9605306073306814,1.1008174726264346,1.9210612146613628,3.0839372804130885,2.7838821814150108,0.5,0.3114624325959119,0.3450327796711771,5000,0.0144,0.0246,0.0,0.9856,0.0,0.0009929771181417066,7.86682764150407e-05,adaptive_trimmed_hill,5000,0.0,0.5285259967254887,0.028525996725488785,0.008428338484129615,0.009240385305615386,0.0961269228968419,0.00020061510649150885,-0.00019105317238808764,5.508222068378576e-05
1000,31,10,0.02095685522351266,0.5,10,10,0.5I,0.9605306073306814,1.1008174726264346,1.9210612146613628,3.0839372804130885,2.7838821814150108,0.5,0.3114624325959119,0.3450327796711771,5000,0.0144,0.0246,0.0,0.9856,0.0,0.0009929771181417066,7.86682764150407e-05,harmonic_moment_beta_0.5,5000,0.0,0.5331637068974101,0.033163706897410196,0.008586697791276804,0.009684811906895883,0.09841144195110588,0.00021738156980444999,-0.0006354797736685845,6.9384948796997e-05
1000,31,10,0.02095685522351266,0.5,10,10,0.5I,0.9605306073306814,1.1008174726264346,1.9210612146613628,3.0839372804130885,2.7838821814150108,0.5,0.3114624325959119,0.3450327796711771,5000,0.0144,0.0246,0.0,0.9856,0.0,0.0009929771181417066,7.86682764150407e-05,harmonic_moment_beta_1,5000,0.0,0.5329992933991713,0.03299929339917132,0.009438024280377615,0.010525090040366131,0.10259186147237086,0.0002458715996819827,-0.0014757579071388337,0.00012631938769208103
1000,31,10,0.02095685522351266,0.5,10,10,0.5I,0.9605306073306814,1.1008174726264346,1.9210612146613628,3.0839372804130885,2.7838821814150108,0.5,0.3114624325959119,0.3450327796711771,5000,0.0144,0.0246,0.0,0.9856,0.0,0.0009929771181417066,7.86682764150407e-05,harmonic_moment_beta_2,5000,0.0,0.5314453726411688,0.03144537264116866,0.011690969960486079,0.01267744322703594,0.1125941527213378,0.00032056326028212924,-0.003628111093808642,0.0002317499409343002
1000,31,10,0.02095685522351266,0.5,10,10,1.5I,2.8815918219920444,1.3339696314431764,1.9210612146613628,3.0839372804130885,2.7838821814150108,1.5000000000000002,0.9343872977877358,1.0350983390135315,5000,0.4112,0.4134,0.0,0.5888,0.0,0.008698038856525724,0.00023360072764959923,hill,5000,0.0,0.5932637897059739,0.09326378970597389,0.007894358727318414,0.01659091432589307,0.12880572318764827,0.000314823000142594,0.0,0.0
1000,31,10,0.02095685522351266,0.5,10,10,1.5I,2.8815918219920444,1.3339696314431764,1.9210612146613628,3.0839372804130885,2.7838821814150108,1.5000000000000002,0.9343872977877358,1.0350983390135315,5000,0.4112,0.4134,0.0,0.5888,0.0,0.008698038856525724,0.00023360072764959923,oracle_trimmed_hill,5000,0.0,0.5008749301171477,0.0008749301171477121,0.011881688813684647,0.011880077978631803,0.108995770462123,0.00025031385948552014,0.00471083634726127,0.00028266354914786195
1000,31,10,0.02095685522351266,0.5,10,10,1.5I,2.8815918219920444,1.3339696314431764,1.9210612146613628,3.0839372804130885,2.7838821814150108,1.5000000000000002,0.9343872977877358,1.0350983390135315,5000,0.4112,0.4134,0.0,0.5888,0.0,0.008698038856525724,0.00023360072764959923,adaptive_trimmed_hill,5000,0.0,0.540591267260438,0.04059126726043809,0.016770495567803266,0.01841479244649802,0.1357011143893005,0.0003026427579612335,-0.0018238781206049467,0.0001905821491746692
1000,31,10,0.02095685522351266,0.5,10,10,1.5I,2.8815918219920444,1.3339696314431764,1.9210612146613628,3.0839372804130885,2.7838821814150108,1.5000000000000002,0.9343872977877358,1.0350983390135315,5000,0.4112,0.4134,0.0,0.5888,0.0,0.008698038856525724,0.00023360072764959923,harmonic_moment_beta_0.5,5000,0.0,0.588782924251184,0.08878292425118399,0.008399164100274255,0.016279891906045674,0.12759267967264296,0.00032562282559506185,0.00031102241984739735,0.0001019143915590686
1000,31,10,0.02095685522351266,0.5,10,10,1.5I,2.8815918219920444,1.3339696314431764,1.9210612146613628,3.0839372804130885,2.7838821814150108,1.5000000000000002,0.9343872977877358,1.0350983390135315,5000,0.4112,0.4134,0.0,0.5888,0.0,0.008698038856525724,0.00023360072764959923,harmonic_moment_beta_1,5000,0.0,0.5800933628870982,0.08009336288709826,0.009249983721479513,0.015663080503299624,0.1251522293181373,0.0003408418753647301,0.0009278338225934469,0.0001720905609237852
1000,31,10,0.02095685522351266,0.5,10,10,1.5I,2.8815918219920444,1.3339696314431764,1.9210612146613628,3.0839372804130885,2.7838821814150108,1.5000000000000002,0.9343872977877358,1.0350983390135315,5000,0.4112,0.4134,0.0,0.5888,0.0,0.008698038856525724,0.00023360072764959923,harmonic_moment_beta_2,5000,0.0,0.5617490240939865,0.061749024093986575,0.011528947618642446,0.015339583805678453,0.12385307346076824,0.00038536636526716205,0.001251330520214621,0.00027545500954255655
1000,31,10,0.02095685522351266,0.5,10,10,0.5D,1.5419686402065442,1.166720549469886,1.9210612146613628,3.0839372804130885,2.7838821814150108,0.8026650209990088,0.5,0.5538914866802236,5000,0.0464,0.0558,0.0,0.9536,0.0,0.002637745829559234,0.00012641845545748596,hill,5000,0.0,0.5513853075018816,0.0513853075018817,0.008074270185131393,0.010713105158157306,0.10350413111638253,0.0002407959152902731,0.0,0.0
1000,31,10,0.02095685522351266,0.5,10,10,0.5D,1.5419686402065442,1.166720549469886,1.9210612146613628,3.0839372804130885,2.7838821814150108,0.8026650209990088,0.5,0.5538914866802236,5000,0.0464,0.0558,0.0,0.9536,0.0,0.002637745829559234,0.00012641845545748596,oracle_trimmed_hill,5000,0.0,0.5006172788720678,0.000617278872067709,0.012221921198922172,0.012219857847888288,0.11054346587604483,0.0002796653378243596,-0.001506752689730983,0.00021639684215815045
1000,31,10,0.02095685522351266,0.5,10,10,0.5D,1.5419686402065442,1.166720549469886,1.9210612146613628,3.0839372804130885,2.7838821814150108,0.8026650209990088,0.5,0.5538914866802236,5000,0.0464,0.0558,0.0,0.9536,0.0,0.002637745829559234,0.00012641845545748596,adaptive_trimmed_hill,5000,0.0,0.5446402693807844,0.044640269380784386,0.009255362244854844,0.011246264822794871,0.10604840792201867,0.00024515940818837503,-0.0005331596646375651,8.06079810365376e-05
1000,31,10,0.02095685522351266,0.5,10,10,0.5D,1.5419686402065442,1.166720549469886,1.9210612146613628,3.0839372804130885,2.7838821814150108,0.8026650209990088,0.5,0.5538914866802236,5000,0.0464,0.0558,0.0,0.9536,0.0,0.002637745829559234,0.00012641845545748596,harmonic_moment_beta_0.5,5000,0.0,0.5512402636539507,0.05124026365395073,0.008683905429741238,0.011307733267981674,0.1063378261390634,0.00026979549054334496,-0.0005946281098243678,8.484302954082123e-05
1000,31,10,0.02095685522351266,0.5,10,10,0.5D,1.5419686402065442,1.166720549469886,1.9210612146613628,3.0839372804130885,2.7838821814150108,0.8026650209990088,0.5,0.5538914866802236,5000,0.0464,0.0558,0.0,0.9536,0.0,0.002637745829559234,0.00012641845545748596,harmonic_moment_beta_1,5000,0.0,0.5486740800458642,0.048674080045864196,0.00963683104527741,0.012004069747379551,0.10956308569668687,0.0003078508619490014,-0.0012909645892222464,0.0001538181655857704
1000,31,10,0.02095685522351266,0.5,10,10,0.5D,1.5419686402065442,1.166720549469886,1.9210612146613628,3.0839372804130885,2.7838821814150108,0.8026650209990088,0.5,0.5538914866802236,5000,0.0464,0.0558,0.0,0.9536,0.0,0.002637745829559234,0.00012641845545748596,harmonic_moment_beta_2,5000,0.0,0.542168120518188,0.04216812051818803,0.012084698380250357,0.013860431828610737,0.11773033520979517,0.00040257723309702117,-0.003147326670453433,0.0002824801127162429
1000,31,10,0.02095685522351266,0.5,10,10,1.5D,4.6259059206196325,1.5881829945713466,1.9210612146613628,3.0839372804130885,2.7838821814150108,2.4079950629970264,1.5,1.6616744600406708,5000,0.9506,0.9506,0.0,0.0494,0.0,0.02229775235823567,0.0003784417350521125,hill,5000,0.0,0.6493243539319663,0.14932435393196636,0.00803966325368824,0.030335817998236654,0.17417180597971835,0.00044929854553709536,0.0,0.0
1000,31,10,0.02095685522351266,0.5,10,10,1.5D,4.6259059206196325,1.5881829945713466,1.9210612146613628,3.0839372804130885,2.7838821814150108,2.4079950629970264,1.5,1.6616744600406708,5000,0.9506,0.9506,0.0,0.0494,0.0,0.02229775235823567,0.0003784417350521125,oracle_trimmed_hill,5000,0.0,0.49964318824061577,-0.0003568117593842758,0.01180802750487407,0.011805793214004729,0.10865446706879901,0.000248683213397042,0.018530024784231925,0.00040117396935429643
1000,31,10,0.02095685522351266,0.5,10,10,1.5D,4.6259059206196325,1.5881829945713466,1.9210612146613628,3.0839372804130885,2.7838821814150108,2.4079950629970264,1.5,1.6616744600406708,5000,0.9506,0.9506,0.0,0.0494,0.0,0.02229775235823567,0.0003784417350521125,adaptive_trimmed_hill,5000,0.0,0.5030683635596982,0.003068363559698147,0.013714833484481544,0.013721505372719128,0.11713882948330638,0.000349706880899124,0.016614312625517526,0.0003836513316925289
1000,31,10,0.02095685522351266,0.5,10,10,1.5D,4.6259059206196325,1.5881829945713466,1.9210612146613628,3.0839372804130885,2.7838821814150108,2.4079950629970264,1.5,1.6616744600406708,5000,0.9506,0.9506,0.0,0.0494,0.0,0.02229775235823567,0.0003784417350521125,harmonic_moment_beta_0.5,5000,0.0,0.6368004614802354,0.1368004614802353,0.008370655157910294,0.027083347288084057,0.16457018954866662,0.0004401685549424949,0.0032524707101525964,0.0001377693778300382
1000,31,10,0.02095685522351266,0.5,10,10,1.5D,4.6259059206196325,1.5881829945713466,1.9210612146613628,3.0839372804130885,2.7838821814150108,2.4079950629970264,1.5,1.6616744600406708,5000,0.9506,0.9506,0.0,0.0494,0.0,0.02229775235823567,0.0003784417350521125,harmonic_moment_beta_1,5000,0.0,0.6176523602055062,0.11765236020550615,0.009097816357995281,0.022938074656649845,0.15145320946302143,0.00043016405675932193,0.007397743341586812,0.00022941493528302846
1000,31,10,0.02095685522351266,0.5,10,10,1.5D,4.6259059206196325,1.5881829945713466,1.9210612146613628,3.0839372804130885,2.7838821814150108,2.4079950629970264,1.5,1.6616744600406708,5000,0.9506,0.9506,0.0,0.0494,0.0,0.02229775235823567,0.0003784417350521125,harmonic_moment_beta_2,5000,0.0,0.5817529820595259,0.08175298205952587,0.011290568001375664,0.01797185996340055,0.13405916590595568,0.00043025647640783685,0.01236395803483611,0.0003401732085746806
1000,31,10,0.02095685522351266,0.5,10,10,0.5R,1.3919410907075054,1.1493471770647739,1.9210612146613628,3.0839372804130885,2.7838821814150108,0.7245688373094719,0.4513519453031993,0.5,5000,0.0358,0.0442,0.0,0.9642,0.0,0.0019128469000785945,0.00011536826622426352,hill,5000,0.0,0.5437512243569618,0.04375122435696181,0.008252098847987378,0.010164618060950988,0.10081973051417559,0.00023039281097950046,0.0,0.0
1000,31,10,0.02095685522351266,0.5,10,10,0.5R,1.3919410907075054,1.1493471770647739,1.9210612146613628,3.0839372804130885,2.7838821814150108,0.7245688373094719,0.4513519453031993,0.5,5000,0.0358,0.0442,0.0,0.9642,0.0,0.0019128469000785945,0.00011536826622426352,oracle_trimmed_hill,5000,0.0,0.49879271270365444,-0.0012072872963455358,0.012094589750707832,0.01209362837537361,0.10997103425617862,0.0002580097478086781,-0.0019290103144226193,0.00020368299598673312
1000,31,10,0.02095685522351266,0.5,10,10,0.5R,1.3919410907075054,1.1493471770647739,1.9210612146613628,3.0839372804130885,2.7838821814150108,0.7245688373094719,0.4513519453031993,0.5,5000,0.0358,0.0442,0.0,0.9642,0.0,0.0019128469000785945,0.00011536826622426352,adaptive_trimmed_hill,5000,0.0,0.5383786853155073,0.0383786853155072,0.009158367163331807,0.010629458976445868,0.10309926758442985,0.00023524784515163746,-0.0004648409154948789,7.458655894626405e-05
1000,31,10,0.02095685522351266,0.5,10,10,0.5R,1.3919410907075054,1.1493471770647739,1.9210612146613628,3.0839372804130885,2.7838821814150108,0.7245688373094719,0.4513519453031993,0.5,5000,0.0358,0.0442,0.0,0.9642,0.0,0.0019128469000785945,0.00011536826622426352,harmonic_moment_beta_0.5,5000,0.0,0.544155430504398,0.044155430504397936,0.008780124811641263,0.01072807082970765,0.10357640093046123,0.00025109303273727055,-0.0005634527687566606,7.566435734197478e-05
1000,31,10,0.02095685522351266,0.5,10,10,0.5R,1.3919410907075054,1.1493471770647739,1.9210612146613628,3.0839372804130885,2.7838821814150108,0.7245688373094719,0.4513519453031993,0.5,5000,0.0358,0.0442,0.0,0.9642,0.0,0.0019128469000785945,0.00011536826622426352,harmonic_moment_beta_1,5000,0.0,0.5424865746806486,0.04248657468064866,0.009657397607537088,0.011460575156109917,0.10705407585005774,0.00027872339311752083,-0.001295957095158928,0.00013465729406957565
1000,31,10,0.02095685522351266,0.5,10,10,0.5R,1.3919410907075054,1.1493471770647739,1.9210612146613628,3.0839372804130885,2.7838821814150108,0.7245688373094719,0.4513519453031993,0.5,5000,0.0358,0.0442,0.0,0.9642,0.0,0.0019128469000785945,0.00011536826622426352,harmonic_moment_beta_2,5000,0.0,0.5378704258428992,0.03787042584289926,0.01195305548421139,0.013384834026637076,0.1156928434547145,0.0003473057914105666,-0.0032202159656860886,0.00023695294140012617
1000,31,10,0.02095685522351266,0.5,10,10,1.5R,4.175823272122516,1.5182863950396293,1.9210612146613628,3.0839372804130885,2.7838821814150108,2.1737065119284154,1.3540558359095978,1.5,5000,0.889,0.889,0.0,0.111,0.0,0.018037717162215007,0.0003407063463500268,hill,5000,0.0,0.6343051607950994,0.13430516079509938,0.007996678328308263,0.026032955208840098,0.1613473123694352,0.00041385138816868553,0.0,0.0
1000,31,10,0.02095685522351266,0.5,10,10,1.5R,4.175823272122516,1.5182863950396293,1.9210612146613628,3.0839372804130885,2.7838821814150108,2.1737065119284154,1.3540558359095978,1.5,5000,0.889,0.889,0.0,0.111,0.0,0.018037717162215007,0.0003407063463500268,oracle_trimmed_hill,5000,0.0,0.5000248909694539,2.4890969454002664e-05,0.011702064884928825,0.011699725091512202,0.1081652674915206,0.0002450351869706548,0.014333230117327898,0.00037319535237450744
1000,31,10,0.02095685522351266,0.5,10,10,1.5R,4.175823272122516,1.5182863950396293,1.9210612146613628,3.0839372804130885,2.7838821814150108,2.1737065119284154,1.3540558359095978,1.5,5000,0.889,0.889,0.0,0.111,0.0,0.018037717162215007,0.0003407063463500268,adaptive_trimmed_hill,5000,0.0,0.5077280725822285,0.007728072582228492,0.015075844356042133,0.015132552293007114,0.12301443936793402,0.0003587876969072726,0.010900402915832979,0.00034361437658375697
1000,31,10,0.02095685522351266,0.5,10,10,1.5R,4.175823272122516,1.5182863950396293,1.9210612146613628,3.0839372804130885,2.7838821814150108,2.1737065119284154,1.3540558359095978,1.5,5000,0.889,0.889,0.0,0.111,0.0,0.018037717162215007,0.0003407063463500268,harmonic_moment_beta_0.5,5000,0.0,0.6241383153868715,0.12413831538687144,0.008245675757510973,0.02365434796944983,0.1537997008106642,0.0004012947919558022,0.002378607239390269,0.0001291665883456701
1000,31,10,0.02095685522351266,0.5,10,10,1.5R,4.175823272122516,1.5182863950396293,1.9210612146613628,3.0839372804130885,2.7838821814150108,2.1737065119284154,1.3540558359095978,1.5,5000,0.889,0.889,0.0,0.111,0.0,0.018037717162215007,0.0003407063463500268,harmonic_moment_beta_1,5000,0.0,0.6081161008691126,0.10811610086911264,0.008951270051626714,0.020638571064756528,0.14366130677658662,0.0003954322704079533,0.005394384144083571,0.00021621068255112667
1000,31,10,0.02095685522351266,0.5,10,10,1.5R,4.175823272122516,1.5182863950396293,1.9210612146613628,3.0839372804130885,2.7838821814150108,2.1737065119284154,1.3540558359095978,1.5,5000,0.889,0.889,0.0,0.111,0.0,0.018037717162215007,0.0003407063463500268,harmonic_moment_beta_2,5000,0.0,0.5773206900218325,0.07732069002183248,0.011170316992781246,0.01714657203483499,0.1309449198511916,0.00040878538600455194,0.008886383174005103,0.0003274127434279442
10000,100,10,0.011788231063225867,0.5,1,0,0,0.0,1.0,0.502518907629606,3.3716193528648692,5.0,0.0,0.0,0.0,5000,0.9898,0.0102,0.0102,0.0,0.0,0.0,0.0,hill,5000,0.0,0.5016432145598443,0.0016432145598443597,0.00261180006481356,0.002613977858890282,0.051127075594935824,5.1912691484142854e-05,0.0,0.0
10000,100,10,0.011788231063225867,0.5,1,0,0,0.0,1.0,0.502518907629606,3.3716193528648692,5.0,0.0,0.0,0.0,5000,0.9898,0.0102,0.0102,0.0,0.0,0.0,0.0,oracle_trimmed_hill,5000,0.0,0.5016432145598443,0.0016432145598443597,0.00261180006481356,0.002613977858890282,0.051127075594935824,5.1912691484142854e-05,0.0,0.0
10000,100,10,0.011788231063225867,0.5,1,0,0,0.0,1.0,0.502518907629606,3.3716193528648692,5.0,0.0,0.0,0.0,5000,0.9898,0.0102,0.0102,0.0,0.0,0.0,0.0,adaptive_trimmed_hill,5000,0.0,0.5012800917368543,0.0012800917368543034,0.002619878534751909,0.0026209931938997216,0.0511956364732359,5.198396078025776e-05,-7.0153350094393965e-06,4.414698695392234e-06
10000,100,10,0.011788231063225867,0.5,1,0,0,0.0,1.0,0.502518907629606,3.3716193528648692,5.0,0.0,0.0,0.0,5000,0.9898,0.0102,0.0102,0.0,0.0,0.0,0.0,harmonic_moment_beta_0.5,5000,0.0,0.5030728170748568,0.0030728170748569226,0.0027590034976523944,0.0027678939017283964,0.05261077742942406,5.641989047687559e-05,-0.00015391604283811438,1.6732313628152276e-05
10000,100,10,0.011788231063225867,0.5,1,0,0,0.0,1.0,0.502518907629606,3.3716193528648692,5.0,0.0,0.0,0.0,5000,0.9898,0.0102,0.0102,0.0,0.0,0.0,0.0,harmonic_moment_beta_1,5000,0.0,0.5041681182274648,0.0041681182274646835,0.0030014687281966937,0.0030182416440091776,0.05493852604510953,6.303723298794033e-05,-0.00040426378511889587,3.0136260450028373e-05
10000,100,10,0.011788231063225867,0.5,1,0,0,0.0,1.0,0.502518907629606,3.3716193528648692,5.0,0.0,0.0,0.0,5000,0.9898,0.0102,0.0102,0.0,0.0,0.0,0.0,harmonic_moment_beta_2,5000,0.0,0.5059636655258773,0.005963665525877402,0.0035974154152360756,0.003632261238657567,0.06026824403164213,7.895907881487092e-05,-0.0010182833797672854,5.3918509348830706e-05
10000,100,10,0.011788231063225867,0.5,1,1,0.5I,0.251259453814803,1.2856436062006695,0.502518907629606,3.3716193528648692,5.0,0.5,0.07452189215882497,0.050251890762960605,5000,0.0022,0.0124,0.0102,0.9876,0.0,4.3524649936149915e-06,3.5923854756518135e-06,hill,5000,0.0,0.5021224268668927,0.0021224268668926754,0.002555236214323469,0.0025592298628859117,0.05058883140462835,5.2932642573543536e-05,0.0,0.0
10000,100,10,0.011788231063225867,0.5,1,1,0.5I,0.251259453814803,1.2856436062006695,0.502518907629606,3.3716193528648692,5.0,0.5,0.07452189215882497,0.050251890762960605,5000,0.0022,0.0124,0.0102,0.9876,0.0,4.3524649936149915e-06,3.5923854756518135e-06,oracle_trimmed_hill,5000,0.0,0.4996311628123245,-0.00036883718767552676,0.002569278100894972,0.0025689002861458052,0.05068431992387592,5.271811818067446e-05,-9.670423259893536e-06,7.91773688340013e-06
10000,100,10,0.011788231063225867,0.5,1,1,0.5I,0.251259453814803,1.2856436062006695,0.502518907629606,3.3716193528648692,5.0,0.5,0.07452189215882497,0.050251890762960605,5000,0.0022,0.0124,0.0102,0.9876,0.0,4.3524649936149915e-06,3.5923854756518135e-06,adaptive_trimmed_hill,5000,0.0,0.5016826558724555,0.0016826558724555131,0.002569651306554087,0.0025719687070778854,0.0507145808133902,5.304441680140321e-05,-1.273884419197319e-05,6.122328603106694e-06
10000,100,10,0.011788231063225867,0.5,1,1,0.5I,0.251259453814803,1.2856436062006695,0.502518907629606,3.3716193528648692,5.0,0.5,0.07452189215882497,0.050251890762960605,5000,0.0022,0.0124,0.0102,0.9876,0.0,4.3524649936149915e-06,3.5923854756518135e-06,harmonic_moment_beta_0.5,5000,0.0,0.5018933582720362,0.0018933582720362324,0.0026664334644327056,0.0026694849832861072,0.05166705897654817,5.5889380077085866e-05,-0.0001102551204001951,1.644996992953434e-05
10000,100,10,0.011788231063225867,0.5,1,1,0.5I,0.251259453814803,1.2856436062006695,0.502518907629606,3.3716193528648692,5.0,0.5,0.07452189215882497,0.050251890762960605,5000,0.0022,0.0124,0.0102,0.9876,0.0,4.3524649936149915e-06,3.5923854756518135e-06,harmonic_moment_beta_1,5000,0.0,0.5022213868854631,0.002221386885463112,0.0028889348445719516,0.0028932916172979446,0.05378932623948681,6.194519241435065e-05,-0.00033406175441203254,2.952279820579551e-05
10000,100,10,0.011788231063225867,0.5,1,1,0.5I,0.251259453814803,1.2856436062006695,0.502518907629606,3.3716193528648692,5.0,0.5,0.07452189215882497,0.050251890762960605,5000,0.0022,0.0124,0.0102,0.9876,0.0,4.3524649936149915e-06,3.5923854756518135e-06,harmonic_moment_beta_2,5000,0.0,0.503413627853421,0.0034136278534210845,0.003449890401772568,0.003460853278813866,0.05882901731980457,7.775001349550084e-05,-0.0009016234159279538,5.287878740145612e-05
10000,100,10,0.011788231063225867,0.5,1,1,1.5I,0.7537783614444091,2.1250139380652717,0.502518907629606,3.3716193528648692,5.0,1.5,0.22356567647647493,0.15075567228888181,5000,0.0042,0.0158,0.0116,0.9842,0.0,4.7945970079885794e-05,1.073541368017537e-05,hill,5000,0.0,0.5069492676665138,0.006949267666513786,0.0025354803514589215,0.0025832655764894837,0.05082583571855443,5.175865300219929e-05,0.0,0.0
10000,100,10,0.011788231063225867,0.5,1,1,1.5I,0.7537783614444091,2.1250139380652717,0.502518907629606,3.3716193528648692,5.0,1.5,0.22356567647647493,0.15075567228888181,5000,0.0042,0.0158,0.0116,0.9842,0.0,4.7945970079885794e-05,1.073541368017537e-05,oracle_trimmed_hill,5000,0.0,0.49939832152931024,-0.0006016784706898096,0.002557038592789252,0.0025568892020527857,0.05056569194674177,5.009115449062285e-05,2.6376374436697945e-05,1.2826573324898841e-05
10000,100,10,0.011788231063225867,0.5,1,1,1.5I,0.7537783614444091,2.1250139380652717,0.502518907629606,3.3716193528648692,5.0,1.5,0.22356567647647493,0.15075567228888181,5000,0.0042,0.0158,0.0116,0.9842,0.0,4.7945970079885794e-05,1.073541368017537e-05,adaptive_trimmed_hill,5000,0.0,0.5063179953010496,0.006317995301049583,0.0025599509027217954,0.002599355977165336,0.05098387958134743,5.199357768368066e-05,-1.6090400675852546e-05,7.606485023430381e-06
10000,100,10,0.011788231063225867,0.5,1,1,1.5I,0.7537783614444091,2.1250139380652717,0.502518907629606,3.3716193528648692,5.0,1.5,0.22356567647647493,0.15075567228888181,5000,0.0042,0.0158,0.0116,0.9842,0.0,4.7945970079885794e-05,1.073541368017537e-05,harmonic_moment_beta_0.5,5000,0.0,0.5032576712041329,0.003257671204132926,0.0026544174022197836,0.002664498940413577,0.0516187847630451,5.379763635695762e-05,-8.123336392409313e-05,1.6586353940861473e-05
10000,100,10,0.011788231063225867,0.5,1,1,1.5I,0.7537783614444091,2.1250139380652717,0.502518907629606,3.3716193528648692,5.0,1.5,0.22356567647647493,0.15075567228888181,5000,0.0042,0.0158,0.0116,0.9842,0.0,4.7945970079885794e-05,1.073541368017537e-05,harmonic_moment_beta_1,5000,0.0,0.5023064634659704,0.00230646346597044,0.0028883389433447446,0.0028930810492759315,0.053787368863664746,5.882512958569846e-05,-0.0003098154727864479,2.785048910785534e-05
10000,100,10,0.011788231063225867,0.5,1,1,1.5I,0.7537783614444091,2.1250139380652717,0.502518907629606,3.3716193528648692,5.0,1.5,0.22356567647647493,0.15075567228888181,5000,0.0042,0.0158,0.0116,0.9842,0.0,4.7945970079885794e-05,1.073541368017537e-05,harmonic_moment_beta_2,5000,0.0,0.5027976626233219,0.002797662623321907,0.003457002011789966,0.0034641375275415408,0.058856924210678396,7.170826899054139e-05,-0.000880871951052057,4.770397154042665e-05
10000,100,10,0.011788231063225867,0.5,1,1,0.5D,1.6858096764324346,5.396818840840148,0.502518907629606,3.3716193528648692,5.0,3.3547188988060967,0.5,0.3371619352864869,5000,0.0296,0.041,0.0114,0.959,0.0,0.00034648351906686335,2.4026999065478892e-05,hill,5000,0.0,0.5187055203917458,0.018705520391745813,0.002539171245518783,0.002888559904395698,0.05374532448870039,6.217436106489232e-05,0.0,0.0
10000,100,10,0.011788231063225867,0.5,1,1,0.5D,1.6858096764324346,5.396818840840148,0.502518907629606,3.3716193528648692,5.0,3.3547188988060967,0.5,0.3371619352864869,5000,0.0296,0.041,0.0114,0.959,0.0,0.00034648351906686335,2.4026999065478892e-05,oracle_trimmed_hill,5000,0.0,0.5019259395276082,0.0019259395276081828,0.0025717303691794586,0.0025749252661696263,0.05074372144580674,5.353929636253273e-05,0.00031363463822607136,2.4561058360180154e-05
10000,100,10,0.011788231063225867,0.5,1,1,0.5D,1.6858096764324346,5.396818840840148,0.502518907629606,3.3716193528648692,5.0,3.3547188988060967,0.5,0.3371619352864869,5000,0.0296,0.041,0.0114,0.959,0.0,0.00034648351906686335,2.4026999065478892e-05,adaptive_trimmed_hill,5000,0.0,0.5171521699553406,0.017152169955340604,0.0026204409616253435,0.002914113807609907,0.05398253243049929,6.194483688104469e-05,-2.5553903214209568e-05,1.0223889133699364e-05
10000,100,10,0.011788231063225867,0.5,1,1,0.5D,1.6858096764324346,5.396818840840148,0.502518907629606,3.3716193528648692,5.0,3.3547188988060967,0.5,0.3371619352864869,5000,0.0296,0.041,0.0114,0.959,0.0,0.00034648351906686335,2.4026999065478892e-05,harmonic_moment_beta_0.5,5000,0.0,0.5080849703643647,0.008084970364364712,0.0026508969379336433,0.002715733504338712,0.05211270002925114,5.8140573033668316e-05,0.0001728264000569857,2.248813543531547e-05
10000,100,10,0.011788231063225867,0.5,1,1,0.5D,1.6858096764324346,5.396818840840148,0.502518907629606,3.3716193528648692,5.0,3.3547188988060967,0.5,0.3371619352864869,5000,0.0296,0.041,0.0114,0.959,0.0,0.00034648351906686335,2.4026999065478892e-05,harmonic_moment_beta_1,5000,0.0,0.5054518846639381,0.005451884663938052,0.002894331339406884,0.0029234755195278856,0.054069173468140656,6.240820461920659e-05,-3.491561513218804e-05,3.327290090826733e-05
10000,100,10,0.011788231063225867,0.5,1,1,0.5D,1.6858096764324346,5.396818840840148,0.502518907629606,3.3716193528648692,5.0,3.3547188988060967,0.5,0.3371619352864869,5000,0.0296,0.041,0.0114,0.959,0.0,0.00034648351906686335,2.4026999065478892e-05,harmonic_moment_beta_2,5000,0.0,0.5054771474112535,0.0054771474112534375,0.0034806910746852863,0.0035099940802349495,0.05924520301454751,7.562808164987106e-05,-0.0006214341758392514,5.089456296766805e-05
10000,100,10,0.011788231063225867,0.5,1,1,1.5D,5.057429029297304,157.18587610483593,0.502518907629606,3.3716193528648692,5.0,10.06415669641829,1.5,1.011485805859461,5000,0.9892,1.0,0.0108,0.0,0.0,0.002445097356811125,7.17912007807817e-05,hill,5000,0.0,0.5494604686142689,0.04946046861426888,0.0025187951810046218,0.004964629377511497,0.07046012615310518,9.196342472957574e-05,0.0,0.0
10000,100,10,0.011788231063225867,0.5,1,1,1.5D,5.057429029297304,157.18587610483593,0.502518907629606,3.3716193528648692,5.0,10.06415669641829,1.5,1.011485805859461,5000,0.9892,1.0,0.0108,0.0,0.0,0.002445097356811125,7.17912007807817e-05,oracle_trimmed_hill,5000,0.0,0.4988426627512806,-0.0011573372487194494,0.0025437801071928915,0.0025446107806787266,0.05044413524562322,5.243908352218311e-05,0.0024200185968327706,7.199698099785624e-05
10000,100,10,0.011788231063225867,0.5,1,1,1.5D,5.057429029297304,157.18587610483593,0.502518907629606,3.3716193528648692,5.0,10.06415669641829,1.5,1.011485805859461,5000,0.9892,1.0,0.0108,0.0,0.0,0.002445097356811125,7.17912007807817e-05,adaptive_trimmed_hill,5000,0.0,0.4984774785260699,-0.0015225214739301204,0.0025551459586388224,0.002556953001085673,0.05056632279576668,5.2667086174454185e-05,0.002407676376425824,7.255785593566474e-05
10000,100,10,0.011788231063225867,0.5,1,1,1.5D,5.057429029297304,157.18587610483593,0.502518907629606,3.3716193528648692,5.0,10.06415669641829,1.5,1.011485805859461,5000,0.9892,1.0,0.0108,0.0,0.0,0.002445097356811125,7.17912007807817e-05,harmonic_moment_beta_0.5,5000,0.0,0.508066843460724,0.008066843460724032,0.0026101007090520542,0.00267465265233007,0.05171704411826018,5.771771446569008e-05,0.0022899767251814275,6.074735303367353e-05
10000,100,10,0.011788231063225867,0.5,1,1,1.5D,5.057429029297304,157.18587610483593,0.502518907629606,3.3716193528648692,5.0,10.06415669641829,1.5,1.011485805859461,5000,0.9892,1.0,0.0108,0.0,0.0,0.002445097356811125,7.17912007807817e-05,harmonic_moment_beta_1,5000,0.0,0.5026261913183974,0.002626191318397422,0.0028638591746449975,0.002870183283650894,0.0535740915336032,6.210782205989182e-05,0.0020944460938606036,7.048928803368564e-05
10000,100,10,0.011788231063225867,0.5,1,1,1.5D,5.057429029297304,157.18587610483593,0.502518907629606,3.3716193528648692,5.0,10.06415669641829,1.5,1.011485805859461,5000,0.9892,1.0,0.0108,0.0,0.0,0.002445097356811125,7.17912007807817e-05,harmonic_moment_beta_2,5000,0.0,0.502417283070839,0.0024172830708390617,0.003459622246188305,0.0034647735791836325,0.058862327334073636,7.727146643063842e-05,0.0014998557983278648,7.964646787015798e-05
10000,100,10,0.011788231063225867,0.5,1,1,0.5R,2.5,12.182493960703473,0.502518907629606,3.3716193528648692,5.0,4.9749371855331,0.7414834648744517,0.5,5000,0.169,0.1788,0.0098,0.8212,0.0,0.0006389120090744278,3.534091254985601e-05,hill,5000,0.0,0.5252782401814886,0.025278240181488557,0.0024979601997131406,0.0031364500343462206,0.05600401801965838,6.743300212806857e-05,0.0,0.0
10000,100,10,0.011788231063225867,0.5,1,1,0.5R,2.5,12.182493960703473,0.502518907629606,3.3716193528648692,5.0,4.9749371855331,0.7414834648744517,0.5,5000,0.169,0.1788,0.0098,0.8212,0.0,0.0006389120090744278,3.534091254985601e-05,oracle_trimmed_hill,5000,0.0,0.5003175522435147,0.00031755224351475846,0.002513038109078064,0.0025126363408836095,0.050126204134001706,5.2492105316368085e-05,0.0006238136934626107,3.591560424104556e-05
10000,100,10,0.011788231063225867,0.5,1,1,0.5R,2.5,12.182493960703473,0.502518907629606,3.3716193528648692,5.0,4.9749371855331,0.7414834648744517,0.5,5000,0.169,0.1788,0.0098,0.8212,0.0,0.0006389120090744278,3.534091254985601e-05,adaptive_trimmed_hill,5000,0.0,0.5191562913269003,0.019156291326900287,0.002893736375560908,0.003260121125686871,0.05709747039656723,6.793328948526854e-05,-0.00012367109134065073,2.0776514129105197e-05
10000,100,10,0.011788231063225867,0.5,1,1,0.5R,2.5,12.182493960703473,0.502518907629606,3.3716193528648692,5.0,4.9749371855331,0.7414834648744517,0.5,5000,0.169,0.1788,0.0098,0.8212,0.0,0.0006389120090744278,3.534091254985601e-05,harmonic_moment_beta_0.5,5000,0.0,0.5077184073406102,0.007718407340610215,0.0026227209785574255,0.002681770246237299,0.05178581124436788,5.856623987399845e-05,0.0004546797881089211,2.9978698449769727e-05
10000,100,10,0.011788231063225867,0.5,1,1,0.5R,2.5,12.182493960703473,0.502518907629606,3.3716193528648692,5.0,4.9749371855331,0.7414834648744517,0.5,5000,0.169,0.1788,0.0098,0.8212,0.0,0.0006389120090744278,3.534091254985601e-05,harmonic_moment_beta_1,5000,0.0,0.503921452502805,0.003921452502804874,0.0028816257756203887,0.002896427240197019,0.05381846560611905,6.32796093186343e-05,0.0002400227941492016,4.0778490467329214e-05
10000,100,10,0.011788231063225867,0.5,1,1,0.5R,2.5,12.182493960703473,0.502518907629606,3.3716193528648692,5.0,4.9749371855331,0.7414834648744517,0.5,5000,0.169,0.1788,0.0098,0.8212,0.0,0.0006389120090744278,3.534091254985601e-05,harmonic_moment_beta_2,5000,0.0,0.5035974946842927,0.0035974946842927493,0.003460450158151433,0.0034727000361233175,0.05892961934480247,7.78938121912698e-05,-0.00033625000177709677,5.7525726379413096e-05
10000,100,10,0.011788231063225867,0.5,1,1,1.5R,7.5,1808.0424144560632,0.502518907629606,3.3716193528648692,5.0,14.924811556599298,2.2244503946233554,1.5,5000,0.9896,1.0,0.0104,0.0,0.0,0.00550050576389729,0.00010609905491722898,hill,5000,0.0,0.5741700384259819,0.07417003842598194,0.0025015576565175944,0.008002251945097927,0.08945530697000557,0.00012435328416154838,0.0,0.0
10000,100,10,0.011788231063225867,0.5,1,1,1.5R,7.5,1808.0424144560632,0.502518907629606,3.3716193528648692,5.0,14.924811556599298,2.2244503946233554,1.5,5000,0.9896,1.0,0.0104,0.0,0.0,0.00550050576389729,0.00010609905491722898,oracle_trimmed_hill,5000,0.0,0.49931358487805994,-0.0006864151219401434,0.0025219274268008297,0.0025218942070350976,0.05021846480165535,5.107349220388296e-05,0.0054803577380628295,0.00010594464083483504
10000,100,10,0.011788231063225867,0.5,1,1,1.5R,7.5,1808.0424144560632,0.502518907629606,3.3716193528648692,5.0,14.924811556599298,2.2244503946233554,1.5,5000,0.9896,1.0,0.0104,0.0,0.0,0.00550050576389729,0.00010609905491722898,adaptive_trimmed_hill,5000,0.0,0.4989659013424718,-0.0010340986575281454,0.0025316398283003307,0.0025322028603681716,0.05032099820520427,5.1234822749656284e-05,0.005470049084729755,0.00010644638229807901
10000,100,10,0.011788231063225867,0.5,1,1,1.5R,7.5,1808.0424144560632,0.502518907629606,3.3716193528648692,5.0,14.924811556599298,2.2244503946233554,1.5,5000,0.9896,1.0,0.0104,0.0,0.0,0.00550050576389729,0.00010609905491722898,harmonic_moment_beta_0.5,5000,0.0,0.5091983105709653,0.009198310570965344,0.002592210791042892,0.002676301266244616,0.05173298045004382,5.728658207691091e-05,0.00532595067885331,9.306744856827943e-05
10000,100,10,0.011788231063225867,0.5,1,1,1.5R,7.5,1808.0424144560632,0.502518907629606,3.3716193528648692,5.0,14.924811556599298,2.2244503946233554,1.5,5000,0.9896,1.0,0.0104,0.0,0.0,0.00550050576389729,0.00010609905491722898,harmonic_moment_beta_1,5000,0.0,0.5033416685048953,0.0033416685048952713,0.002851996116294215,0.002862592465467565,0.053503200516114596,6.067256528869949e-05,0.005139659479630362,0.00010216948619958449
10000,100,10,0.011788231063225867,0.5,1,1,1.5R,7.5,1808.0424144560632,0.502518907629606,3.3716193528648692,5.0,14.924811556599298,2.2244503946233554,1.5,5000,0.9896,1.0,0.0104,0.0,0.0,0.00550050576389729,0.00010609905491722898,harmonic_moment_beta_2,5000,0.0,0.5031309177714121,0.003130917771412112,0.0034526706023922655,0.0034617827143631316,0.05883691625470468,7.60386627074507e-05,0.004540469230734795,0.00010787763821028852
10000,100,10,0.011788231063225867,0.5,3,0,0,0.0,1.0,0.8793155726408237,3.3716193528648692,5.0,0.0,0.0,0.0,5000,0.9876,0.0124,0.0124,0.0,0.0,0.0,0.0,hill,5000,0.0,0.49987967556190854,-0.00012032443809149023,0.0025210474028514087,0.0025205576713412396,0.05020515582429,5.183939644914886e-05,0.0,0.0
10000,100,10,0.011788231063225867,0.5,3,0,0,0.0,1.0,0.8793155726408237,3.3716193528648692,5.0,0.0,0.0,0.0,5000,0.9876,0.0124,0.0124,0.0,0.0,0.0,0.0,oracle_trimmed_hill,5000,0.0,0.49987967556190854,-0.00012032443809149023,0.0025210474028514087,0.0025205576713412396,0.05020515582429,5.183939644914886e-05,0.0,0.0
10000,100,10,0.011788231063225867,0.5,3,0,0,0.0,1.0,0.8793155726408237,3.3716193528648692,5.0,0.0,0.0,0.0,5000,0.9876,0.0124,0.0124,0.0,0.0,0.0,0.0,adaptive_trimmed_hill,5000,0.0,0.49942886444508766,-0.0005711355549123191,0.0025254008613408456,0.0025252219769906622,0.05025158681067357,5.1983778895531406e-05,-4.664305649422407e-06,5.513558459813814e-06
10000,100,10,0.011788231063225867,0.5,3,0,0,0.0,1.0,0.8793155726408237,3.3716193528648692,5.0,0.0,0.0,0.0,5000,0.9876,0.0124,0.0124,0.0,0.0,0.0,0.0,harmonic_moment_beta_0.5,5000,0.0,0.501227861703956,0.0012278617039559012,0.002663001531434836,0.0026639765754925913,0.05161372468145068,5.55068717710699e-05,-0.00014341890415135099,1.5983664288380118e-05
10000,100,10,0.011788231063225867,0.5,3,0,0,0.0,1.0,0.8793155726408237,3.3716193528648692,5.0,0.0,0.0,0.0,5000,0.9876,0.0124,0.0124,0.0,0.0,0.0,0.0,harmonic_moment_beta_1,5000,0.0,0.5023155406360289,0.0023155406360289028,0.002907358620820451,0.0029121388775333883,0.0539642370235454,6.162259217854139e-05,-0.00039158120619214827,2.9042764160474e-05
10000,100,10,0.011788231063225867,0.5,3,0,0,0.0,1.0,0.8793155726408237,3.3716193528648692,5.0,0.0,0.0,0.0,5000,0.9876,0.0124,0.0124,0.0,0.0,0.0,0.0,harmonic_moment_beta_2,5000,0.0,0.5041804399840406,0.004180439984040649,0.0035099094196565,0.003526683516232734,0.05938588650708798,7.729396017894886e-05,-0.001006125844891494,5.2775918353164404e-05
10000,100,10,0.011788231063225867,0.5,3,3,0.5I,0.43965778632041186,1.1578358261019157,0.8793155726408237,3.3716193528648692,5.0,0.5,0.13039959150395614,0.08793155726408237,5000,0.0024,0.0094,0.005,0.9926,0.0,1.4056995140935616e-05,6.183068288327611e-06,hill,5000,0.0,0.5037969180902689,0.0037969180902690356,0.0024722282302919248,0.002486150371630079,0.04986131137094249,5.236003366896855e-05,0.0,0.0
10000,100,10,0.011788231063225867,0.5,3,3,0.5I,0.43965778632041186,1.1578358261019157,0.8793155726408237,3.3716193528648692,5.0,0.5,0.13039959150395614,0.08793155726408237,5000,0.0024,0.0094,0.005,0.9926,0.0,1.4056995140935616e-05,6.183068288327611e-06,oracle_trimmed_hill,5000,0.0,0.4992994953724454,-0.0007005046275546325,0.0025423923084326506,0.00254237453670419,0.05042196482391568,5.2412483155667905e-05,-5.622416507411083e-05,1.3974930970938315e-05
10000,100,10,0.011788231063225867,0.5,3,3,0.5I,0.43965778632041186,1.1578358261019157,0.8793155726408237,3.3716193528648692,5.0,0.5,0.13039959150395614,0.08793155726408237,5000,0.0024,0.0094,0.005,0.9926,0.0,1.4056995140935616e-05,6.183068288327611e-06,adaptive_trimmed_hill,5000,0.0,0.5034300297088472,0.0034300297088472073,0.0024817640059125855,0.0024930327569149774,0.049930278958914075,5.2387056548994584e-05,-6.882385284898749e-06,5.551014138462322e-06
10000,100,10,0.011788231063225867,0.5,3,3,0.5I,0.43965778632041186,1.1578358261019157,0.8793155726408237,3.3716193528648692,5.0,0.5,0.13039959150395614,0.08793155726408237,5000,0.0024,0.0094,0.005,0.9926,0.0,1.4056995140935616e-05,6.183068288327611e-06,harmonic_moment_beta_0.5,5000,0.0,0.5029331090329002,0.0029331090329002335,0.0025736965848799616,0.002581784974161867,0.05081126818100358,5.383357889278425e-05,-9.563460253178781e-05,1.61328419472053e-05
10000,100,10,0.011788231063225867,0.5,3,3,0.5I,0.43965778632041186,1.1578358261019157,0.8793155726408237,3.3716193528648692,5.0,0.5,0.13039959150395614,0.08793155726408237,5000,0.0024,0.0094,0.005,0.9926,0.0,1.4056995140935616e-05,6.183068288327611e-06,harmonic_moment_beta_1,5000,0.0,0.5028560315666858,0.0028560315666857276,0.002798719609350899,0.002806316781738934,0.05297468057231619,5.837179661109835e-05,-0.0003201664101088553,2.788924214441368e-05
10000,100,10,0.011788231063225867,0.5,3,3,0.5I,0.43965778632041186,1.1578358261019157,0.8793155726408237,3.3716193528648692,5.0,0.5,0.13039959150395614,0.08793155726408237,5000,0.0024,0.0094,0.005,0.9926,0.0,1.4056995140935616e-05,6.183068288327611e-06,harmonic_moment_beta_2,5000,0.0,0.5038613123665034,0.003861312366503389,0.003378937765251371,0.003393171710890034,0.05825093742498943,7.120728355159392e-05,-0.000907021339259955,4.8439141772556526e-05
10000,100,10,0.011788231063225867,0.5,3,3,1.5I,1.3189733589612356,1.5521759517693243,0.8793155726408237,3.3716193528648692,5.0,1.5,0.3911987745118684,0.26379467179224714,5000,0.0136,0.0238,0.0086,0.9778,0.0,0.00015896131108020386,1.858985970296506e-05,hill,5000,0.0,0.5126208153099981,0.01262081530999813,0.0024830770167603455,0.0026418653804460763,0.051399079568082505,5.6060630444656795e-05,0.0,0.0
10000,100,10,0.011788231063225867,0.5,3,3,1.5I,1.3189733589612356,1.5521759517693243,0.8793155726408237,3.3716193528648692,5.0,1.5,0.3911987745118684,0.26379467179224714,5000,0.0136,0.0238,0.0086,0.9778,0.0,0.00015896131108020386,1.858985970296506e-05,oracle_trimmed_hill,5000,0.0,0.4994354544258402,-0.0005645455741597898,0.0025579522200557363,0.002557759341317028,0.05057429526268288,5.196706911181707e-05,8.410603912904787e-05,2.216045491944124e-05
10000,100,10,0.011788231063225867,0.5,3,3,1.5I,1.3189733589612356,1.5521759517693243,0.8793155726408237,3.3716193528648692,5.0,1.5,0.3911987745118684,0.26379467179224714,5000,0.0136,0.0238,0.0086,0.9778,0.0,0.00015896131108020386,1.858985970296506e-05,adaptive_trimmed_hill,5000,0.0,0.5116543615228714,0.011654361522871384,0.0025079772232038714,0.0026432997702650154,0.051413031132826775,5.572138414730711e-05,-1.434389818939294e-06,8.989766312534526e-06
10000,100,10,0.011788231063225867,0.5,3,3,1.5I,1.3189733589612356,1.5521759517693243,0.8793155726408237,3.3716193528648692,5.0,1.5,0.3911987745118684,0.26379467179224714,5000,0.0136,0.0238,0.0086,0.9778,0.0,0.00015896131108020386,1.858985970296506e-05,harmonic_moment_beta_0.5,5000,0.0,0.5066170544372018,0.006617054437201909,0.002582072675763807,0.0026253416706535477,0.051238088085461854,5.534166956508623e-05,1.6523709792528956e-05,1.8812678270065132e-05
10000,100,10,0.011788231063225867,0.5,3,3,1.5I,1.3189733589612356,1.5521759517693243,0.8793155726408237,3.3716193528648692,5.0,1.5,0.3911987745118684,0.26379467179224714,5000,0.0136,0.0238,0.0086,0.9778,0.0,0.00015896131108020386,1.858985970296506e-05,harmonic_moment_beta_1,5000,0.0,0.5038457704887642,0.00384577048876425,0.0028228858512786,0.002837111224760594,0.05326454003143737,5.985992457611024e-05,-0.00019524584431451745,3.077525546361444e-05
10000,100,10,0.011788231063225867,0.5,3,3,1.5I,1.3189733589612356,1.5521759517693243,0.8793155726408237,3.3716193528648692,5.0,1.5,0.3911987745118684,0.26379467179224714,5000,0.0136,0.0238,0.0086,0.9778,0.0,0.00015896131108020386,1.858985970296506e-05,harmonic_moment_beta_2,5000,0.0,0.5026096140893421,0.002609614089342115,0.003417443761012279,0.0034235703579553684,0.0585112840224462,7.381928504480434e-05,-0.0007817049775092919,5.073873441361578e-05
10000,100,10,0.011788231063225867,0.5,3,3,0.5D,1.6858096764324346,1.754066065410043,0.8793155726408237,3.3716193528648692,5.0,1.9171839199543457,0.5,0.3371619352864869,5000,0.0386,0.0504,0.009,0.9524,0.0,0.0002909943832678624,2.382761736923215e-05,hill,5000,0.0,0.5170597493247405,0.01705974932474052,0.0024972048127942076,0.0027877404188546336,0.052799056988308356,6.0058975814414176e-05,0.0,0.0
10000,100,10,0.011788231063225867,0.5,3,3,0.5D,1.6858096764324346,1.754066065410043,0.8793155726408237,3.3716193528648692,5.0,1.9171839199543457,0.5,0.3371619352864869,5000,0.0386,0.0504,0.009,0.9524,0.0,0.0002909943832678624,2.382761736923215e-05,oracle_trimmed_hill,5000,0.0,0.5000658838944463,6.588389444636929e-05,0.002591903109427652,0.002591389069493314,0.05090568798762388,5.450622967104939e-05,0.00019635134936132016,2.6804452321669865e-05
10000,100,10,0.011788231063225867,0.5,3,3,0.5D,1.6858096764324346,1.754066065410043,0.8793155726408237,3.3716193528648692,5.0,1.9171839199543457,0.5,0.3371619352864869,5000,0.0386,0.0504,0.009,0.9524,0.0,0.0002909943832678624,2.382761736923215e-05,adaptive_trimmed_hill,5000,0.0,0.5151899922549616,0.015189992254961607,0.0026002586123419227,0.002830474425325248,0.0532022031999169,6.0585814029645296e-05,-4.2734006470614064e-05,1.1367785306023174e-05
10000,100,10,0.011788231063225867,0.5,3,3,0.5D,1.6858096764324346,1.754066065410043,0.8793155726408237,3.3716193528648692,5.0,1.9171839199543457,0.5,0.3371619352864869,5000,0.0386,0.0504,0.009,0.9524,0.0,0.0002909943832678624,2.382761736923215e-05,harmonic_moment_beta_0.5,5000,0.0,0.5092250613268934,0.009225061326893397,0.0025761430663047333,0.002660729594176417,0.051582260460127344,5.7860513002049794e-05,0.00012701082467821704,2.0504782518256724e-05
10000,100,10,0.011788231063225867,0.5,3,3,0.5D,1.6858096764324346,1.754066065410043,0.8793155726408237,3.3716193528648692,5.0,1.9171839199543457,0.5,0.3371619352864869,5000,0.0386,0.0504,0.009,0.9524,0.0,0.0002909943832678624,2.382761736923215e-05,harmonic_moment_beta_1,5000,0.0,0.5058296426162138,0.0058296426162137635,0.002799816843359585,0.0028332416130236885,0.05322820317297672,6.13746982085093e-05,-4.550119416905484e-05,3.2460461220790846e-05
10000,100,10,0.011788231063225867,0.5,3,3,0.5D,1.6858096764324346,1.754066065410043,0.8793155726408237,3.3716193528648692,5.0,1.9171839199543457,0.5,0.3371619352864869,5000,0.0386,0.0504,0.009,0.9524,0.0,0.0002909943832678624,2.382761736923215e-05,harmonic_moment_beta_2,5000,0.0,0.504532114706179,0.0045321147061790695,0.003359033501187027,0.003378901758196754,0.0581283214809851,7.353124607964251e-05,-0.0005911613393421205,5.097016985156146e-05
10000,100,10,0.011788231063225867,0.5,3,3,1.5D,5.057429029297304,5.396818840840148,0.8793155726408237,3.3716193528648692,5.0,5.7515517598630375,1.5,1.011485805859461,5000,0.9904,1.0,0.0096,0.0,0.0,0.0025617396409040884,7.077231356922765e-05,hill,5000,0.0,0.5506136462804038,0.05061364628040382,0.002447807183909683,0.005009058812270737,0.07077470460744247,9.257897956072256e-05,0.0,0.0
10000,100,10,0.011788231063225867,0.5,3,3,1.5D,5.057429029297304,5.396818840840148,0.8793155726408237,3.3716193528648692,5.0,5.7515517598630375,1.5,1.011485805859461,5000,0.9904,1.0,0.0096,0.0,0.0,0.0025617396409040884,7.077231356922765e-05,oracle_trimmed_hill,5000,0.0,0.49978033649106746,-0.00021966350893254423,0.0025281618531990736,0.0025277044728855905,0.050276281414655066,5.150958501872041e-05,0.002481354339385147,7.124380051284287e-05
10000,100,10,0.011788231063225867,0.5,3,3,1.5D,5.057429029297304,5.396818840840148,0.8793155726408237,3.3716193528648692,5.0,5.7515517598630375,1.5,1.011485805859461,5000,0.9904,1.0,0.0096,0.0,0.0,0.0025617396409040884,7.077231356922765e-05,adaptive_trimmed_hill,5000,0.0,0.4994444536592675,-0.0005555463407325501,0.002532317385914291,0.0025321195541738095,0.05032017045056395,5.140806884567429e-05,0.0024769392580969276,7.186644379268348e-05
10000,100,10,0.011788231063225867,0.5,3,3,1.5D,5.057429029297304,5.396818840840148,0.8793155726408237,3.3716193528648692,5.0,5.7515517598630375,1.5,1.011485805859461,5000,0.9904,1.0,0.0096,0.0,0.0,0.0025617396409040884,7.077231356922765e-05,harmonic_moment_beta_0.5,5000,0.0,0.5191975803581197,0.019197580358119613,0.0025251303007883903,0.002893172366334692,0.0537882177278137,6.310914894164051e-05,0.0021158864459360446,4.853242499165942e-05
10000,100,10,0.011788231063225867,0.5,3,3,1.5D,5.057429029297304,5.396818840840148,0.8793155726408237,3.3716193528648692,5.0,5.7515517598630375,1.5,1.011485805859461,5000,0.9904,1.0,0.0096,0.0,0.0,0.0025617396409040884,7.077231356922765e-05,harmonic_moment_beta_1,5000,0.0,0.5080435976601091,0.008043597660109097,0.002794713899971698,0.002858854420509416,0.05346825619476865,6.205327243804285e-05,0.0021502043917613206,6.532881961885802e-05
10000,100,10,0.011788231063225867,0.5,3,3,1.5D,5.057429029297304,5.396818840840148,0.8793155726408237,3.3716193528648692,5.0,5.7515517598630375,1.5,1.011485805859461,5000,0.9904,1.0,0.0096,0.0,0.0,0.0025617396409040884,7.077231356922765e-05,harmonic_moment_beta_2,5000,0.0,0.5031543995997195,0.00315439959971945,0.0034168088922684886,0.0034260757673247456,0.05853268973253105,7.411270568517034e-05,0.0015829830449459912,7.896677206483354e-05
10000,100,10,0.011788231063225867,0.5,3,3,0.5R,2.5,2.300975890892825,0.8793155726408237,3.3716193528648692,5.0,2.8431203515386634,0.7414834648744517,0.5,5000,0.168,0.1798,0.0104,0.8216,0.0,0.0005811691854509122,3.5192283870160076e-05,hill,5000,0.0,0.5241233837090182,0.02412338370901824,0.0024769936879958585,0.0030584359308307866,0.055303127676748866,6.450989150034588e-05,0.0,0.0
10000,100,10,0.011788231063225867,0.5,3,3,0.5R,2.5,2.300975890892825,0.8793155726408237,3.3716193528648692,5.0,2.8431203515386634,0.7414834648744517,0.5,5000,0.168,0.1798,0.0104,0.8216,0.0,0.0005811691854509122,3.5192283870160076e-05,oracle_trimmed_hill,5000,0.0,0.4991981349380003,-0.0008018650619997564,0.0025518117416635333,0.002551944366892856,0.05051677312430848,5.0645217194638665e-05,0.0005064915639379303,3.682724100738351e-05
10000,100,10,0.011788231063225867,0.5,3,3,0.5R,2.5,2.300975890892825,0.8793155726408237,3.3716193528648692,5.0,2.8431203515386634,0.7414834648744517,0.5,5000,0.168,0.1798,0.0104,0.8216,0.0,0.0005811691854509122,3.5192283870160076e-05,adaptive_trimmed_hill,5000,0.0,0.5178346626954952,0.01783466269549512,0.0028826924098641843,0.003200191064844296,0.05657023126030418,6.512875645149594e-05,-0.00014175513401350993,2.131497742270869e-05
10000,100,10,0.011788231063225867,0.5,3,3,0.5R,2.5,2.300975890892825,0.8793155726408237,3.3716193528648692,5.0,2.8431203515386634,0.7414834648744517,0.5,5000,0.168,0.1798,0.0104,0.8216,0.0,0.0005811691854509122,3.5192283870160076e-05,harmonic_moment_beta_0.5,5000,0.0,0.5113702446018975,0.011370244601897504,0.002557542265532141,0.0026863132193860138,0.05182965579073446,5.7346170245234796e-05,0.0003721227114447726,2.52165640164868e-05
10000,100,10,0.011788231063225867,0.5,3,3,0.5R,2.5,2.300975890892825,0.8793155726408237,3.3716193528648692,5.0,2.8431203515386634,0.7414834648744517,0.5,5000,0.168,0.1798,0.0104,0.8216,0.0,0.0005811691854509122,3.5192283870160076e-05,harmonic_moment_beta_1,5000,0.0,0.5058972527686667,0.005897252768666608,0.0027929618741483458,0.0028271808719910626,0.05317124102361222,6.012980198937481e-05,0.0002312550588397242,3.769040587670763e-05
10000,100,10,0.011788231063225867,0.5,3,3,0.5R,2.5,2.300975890892825,0.8793155726408237,3.3716193528648692,5.0,2.8431203515386634,0.7414834648744517,0.5,5000,0.168,0.1798,0.0104,0.8216,0.0,0.0005811691854509122,3.5192283870160076e-05,harmonic_moment_beta_2,5000,0.0,0.5032947008817998,0.0032947008817999267,0.0033628409906425877,0.0033730234763449927,0.058077736494675763,7.213272431790025e-05,-0.00031458754551420636,5.426080905601369e-05
10000,100,10,0.011788231063225867,0.5,3,3,1.5R,7.5,12.182493960703473,0.8793155726408237,3.3716193528648692,5.0,8.529361054615991,2.2244503946233554,1.5,5000,0.9922,1.0,0.0078,0.0,0.0,0.0056954105663210245,0.00010460694730086028,hill,5000,0.0,0.5754694037754734,0.07546940377547348,0.002431691871912213,0.008126836439763283,0.09014896804602526,0.00012048256700090103,0.0,0.0
10000,100,10,0.011788231063225867,0.5,3,3,1.5R,7.5,12.182493960703473,0.8793155726408237,3.3716193528648692,5.0,8.529361054615991,2.2244503946233554,1.5,5000,0.9922,1.0,0.0078,0.0,0.0,0.0056954105663210245,0.00010460694730086028,oracle_trimmed_hill,5000,0.0,0.5003415639778835,0.0003415639778836073,0.0024970366218941948,0.002496653880520804,0.049966527601193224,4.910137050598498e-05,0.005630182559242479,0.00010580353550110368
10000,100,10,0.011788231063225867,0.5,3,3,1.5R,7.5,12.182493960703473,0.8793155726408237,3.3716193528648692,5.0,8.529361054615991,2.2244503946233554,1.5,5000,0.9922,1.0,0.0078,0.0,0.0,0.0056954105663210245,0.00010460694730086028,adaptive_trimmed_hill,5000,0.0,0.5000922964478055,9.229644780551558e-05,0.0025066622304592786,0.0025061694166474643,0.05006165615166426,4.933405927690027e-05,0.0056206670231158185,0.00010622873437337456
10000,100,10,0.011788231063225867,0.5,3,3,1.5R,7.5,12.182493960703473,0.8793155726408237,3.3716193528648692,5.0,8.529361054615991,2.2244503946233554,1.5,5000,0.9922,1.0,0.0078,0.0,0.0,0.0056954105663210245,0.00010460694730086028,harmonic_moment_beta_0.5,5000,0.0,0.5247826511021946,0.024782651102194516,0.0024656034402925687,0.003079290115257613,0.05549135171589906,6.427142386614704e-05,0.00504754632450567,7.501986566129618e-05
10000,100,10,0.011788231063225867,0.5,3,3,1.5R,7.5,12.182493960703473,0.8793155726408237,3.3716193528648692,5.0,8.529361054615991,2.2244503946233554,1.5,5000,0.9922,1.0,0.0078,0.0,0.0,0.0056954105663210245,0.00010460694730086028,harmonic_moment_beta_1,5000,0.0,0.5099744201880054,0.009974420188005427,0.002724914411597379,0.00282385848680195,0.05313998952579827,6.0031234389121246e-05,0.005302977952961333,9.533350494723714e-05
10000,100,10,0.011788231063225867,0.5,3,3,1.5R,7.5,12.182493960703473,0.8793155726408237,3.3716193528648692,5.0,8.529361054615991,2.2244503946233554,1.5,5000,0.9922,1.0,0.0078,0.0,0.0,0.0056954105663210245,0.00010460694730086028,harmonic_moment_beta_2,5000,0.0,0.5044463216615018,0.004446321661501811,0.0033158394805171553,0.0033349460889385923,0.057748992103227155,7.16261260274574e-05,0.0047918903508246905,0.0001069820584371067
10000,100,10,0.011788231063225867,0.5,5,0,0,0.0,1.0,1.1470786693528088,3.3716193528648692,5.0,0.0,0.0,0.0,5000,0.991,0.009,0.009,0.0,0.0,0.0,0.0,hill,5000,0.0,0.4999916590874908,-8.3409125092067e-06,0.002425849080455846,0.0024253639802105757,0.04924798452942593,4.9559101182352344e-05,0.0,0.0
10000,100,10,0.011788231063225867,0.5,5,0,0,0.0,1.0,1.1470786693528088,3.3716193528648692,5.0,0.0,0.0,0.0,5000,0.991,0.009,0.009,0.0,0.0,0.0,0.0,oracle_trimmed_hill,5000,0.0,0.4999916590874908,-8.3409125092067e-06,0.002425849080455846,0.0024253639802105757,0.04924798452942593,4.9559101182352344e-05,0.0,0.0
10000,100,10,0.011788231063225867,0.5,5,0,0,0.0,1.0,1.1470786693528088,3.3716193528648692,5.0,0.0,0.0,0.0,5000,0.991,0.009,0.009,0.0,0.0,0.0,0.0,adaptive_trimmed_hill,5000,0.0,0.49967617024909305,-0.00032382975090695514,0.002434502429874444,0.002434120395096041,0.049336805683952024,4.9697059612759765e-05,-8.756414885465481e-06,4.940745631607377e-06
10000,100,10,0.011788231063225867,0.5,5,0,0,0.0,1.0,1.1470786693528088,3.3716193528648692,5.0,0.0,0.0,0.0,5000,0.991,0.009,0.009,0.0,0.0,0.0,0.0,harmonic_moment_beta_0.5,5000,0.0,0.5009480808442468,0.0009480808442467465,0.0025275138131269376,0.0025279071676515396,0.05027829718329311,5.20659783468529e-05,-0.00010254318744096378,1.524324365001722e-05
10000,100,10,0.011788231063225867,0.5,5,0,0,0.0,1.0,1.1470786693528088,3.3716193528648692,5.0,0.0,0.0,0.0,5000,0.991,0.009,0.009,0.0,0.0,0.0,0.0,harmonic_moment_beta_1,5000,0.0,0.50172780291643,0.0017278029164300803,0.002742132567304927,0.0027445694437094902,0.052388638498337504,5.707008963069512e-05,-0.0003192054634989143,2.739484692779079e-05
10000,100,10,0.011788231063225867,0.5,5,0,0,0.0,1.0,1.1470786693528088,3.3716193528648692,5.0,0.0,0.0,0.0,5000,0.991,0.009,0.009,0.0,0.0,0.0,0.0,harmonic_moment_beta_2,5000,0.0,0.5031429669982203,0.003142966998220188,0.0032950764986220417,0.0033042957248742184,0.05748300379133139,7.05647622518289e-05,-0.0008789317446636426,4.8916210181857505e-05
10000,100,10,0.011788231063225867,0.5,5,5,0.5I,0.5735393346764044,1.1215457491130407,1.1470786693528088,3.3716193528648692,5.0,0.5,0.17010797324705926,0.11470786693528087,5000,0.0038,0.0164,0.008,0.9882,0.0,4.5220617338072464e-05,8.183248498566945e-06,hill,5000,0.0,0.5068099386962056,0.006809938696205647,0.0025446911275933326,0.002590557454413892,0.05089751913810625,5.2905784851285785e-05,0.0,0.0
10000,100,10,0.011788231063225867,0.5,5,5,0.5I,0.5735393346764044,1.1215457491130407,1.1470786693528088,3.3716193528648692,5.0,0.5,0.17010797324705926,0.11470786693528087,5000,0.0038,0.0164,0.008,0.9882,0.0,4.5220617338072464e-05,8.183248498566945e-06,oracle_trimmed_hill,5000,0.0,0.5012185662422538,0.0012185662422537907,0.002668292098611276,0.0026692433438783142,0.051664720495501706,5.3186350268479364e-05,-7.86858894644214e-05,1.90468475350707e-05
10000,100,10,0.011788231063225867,0.5,5,5,0.5I,0.5735393346764044,1.1215457491130407,1.1470786693528088,3.3716193528648692,5.0,0.5,0.17010797324705926,0.11470786693528087,5000,0.0038,0.0164,0.008,0.9882,0.0,4.5220617338072464e-05,8.183248498566945e-06,adaptive_trimmed_hill,5000,0.0,0.5061960190981801,0.006196019098180136,0.0025744214432132442,0.0026122972115896143,0.05111063697108083,5.3304727222683436e-05,-2.1739757175721952e-05,7.434858333072548e-06
10000,100,10,0.011788231063225867,0.5,5,5,0.5I,0.5735393346764044,1.1215457491130407,1.1470786693528088,3.3716193528648692,5.0,0.5,0.17010797324705926,0.11470786693528087,5000,0.0038,0.0164,0.008,0.9882,0.0,4.5220617338072464e-05,8.183248498566945e-06,harmonic_moment_beta_0.5,5000,0.0,0.5055542418038494,0.005554241803849413,0.002686438792060489,0.0027167511063177054,0.05212246258876978,5.513036756770394e-05,-0.00012619365190381267,1.6434854420151786e-05
10000,100,10,0.011788231063225867,0.5,5,5,0.5I,0.5735393346764044,1.1215457491130407,1.1470786693528088,3.3716193528648692,5.0,0.5,0.17010797324705926,0.11470786693528087,5000,0.0038,0.0164,0.008,0.9882,0.0,4.5220617338072464e-05,8.183248498566945e-06,harmonic_moment_beta_1,5000,0.0,0.5049060860127911,0.004906086012791166,0.0029339994863323976,0.002957482366400036,0.054382739599987386,6.018869483362965e-05,-0.0003669249119861438,2.85796202433629e-05
10000,100,10,0.011788231063225867,0.5,5,5,0.5I,0.5735393346764044,1.1215457491130407,1.1470786693528088,3.3716193528648692,5.0,0.5,0.17010797324705926,0.11470786693528087,5000,0.0038,0.0164,0.008,0.9882,0.0,4.5220617338072464e-05,8.183248498566945e-06,harmonic_moment_beta_2,5000,0.0,0.5048547452867946,0.004854745286794574,0.003525668078885406,0.0035485314970692835,0.059569551761527326,7.360457034652017e-05,-0.0009579740426553904,4.966255497869642e-05
10000,100,10,0.011788231063225867,0.5,5,5,1.5I,1.7206180040292132,1.4107529949389928,1.1470786693528088,3.3716193528648692,5.0,1.5,0.5103239197411777,0.34412360080584264,5000,0.0314,0.0384,0.0056,0.963,0.0,0.00029153526603739415,2.3888151846266134e-05,hill,5000,0.0,0.5170749084410478,0.017074908441047705,0.0024093849275500204,0.0027004555488346726,0.051965907562888505,5.594808885346445e-05,0.0,0.0
10000,100,10,0.011788231063225867,0.5,5,5,1.5I,1.7206180040292132,1.4107529949389928,1.1470786693528088,3.3716193528648692,5.0,1.5,0.5103239197411777,0.34412360080584264,5000,0.0314,0.0384,0.0056,0.963,0.0,0.00029153526603739415,2.3888151846266134e-05,oracle_trimmed_hill,5000,0.0,0.5000774998899841,7.749988998411785e-05,0.0025516014233366445,0.0025510971092849244,0.050508386524268666,5.083089448104662e-05,0.00014935843954974807,2.8128457822807306e-05
10000,100,10,0.011788231063225867,0.5,5,5,1.5I,1.7206180040292132,1.4107529949389928,1.1470786693528088,3.3716193528648692,5.0,1.5,0.5103239197411777,0.34412360080584264,5000,0.0314,0.0384,0.0056,0.963,0.0,0.00029153526603739415,2.3888151846266134e-05,adaptive_trimmed_hill,5000,0.0,0.5156816957772037,0.015681695777203693,0.0025059376691640017,0.002751352064078937,0.05245333224952383,5.674176359567079e-05,-5.089651524426443e-05,1.0829221716522033e-05
10000,100,10,0.011788231063225867,0.5,5,5,1.5I,1.7206180040292132,1.4107529949389928,1.1470786693528088,3.3716193528648692,5.0,1.5,0.5103239197411777,0.34412360080584264,5000,0.0314,0.0384,0.0056,0.963,0.0,0.00029153526603739415,2.3888151846266134e-05,harmonic_moment_beta_0.5,5000,0.0,0.5107032520691214,0.010703252069121365,0.002519575366641031,0.0026336310564228534,0.051318915191407286,5.516746418670139e-05,6.682449241181901e-05,1.87955543137083e-05
10000,100,10,0.011788231063225867,0.5,5,5,1.5I,1.7206180040292132,1.4107529949389928,1.1470786693528088,3.3716193528648692,5.0,1.5,0.5103239197411777,0.34412360080584264,5000,0.0314,0.0384,0.0056,0.963,0.0,0.00029153526603739415,2.3888151846266134e-05,harmonic_moment_beta_1,5000,0.0,0.5072162042463668,0.007216204246366819,0.0027621525787874636,0.0028136737519969886,0.05304407367460562,5.932089651402213e-05,-0.0001132182031623162,3.0929962507184294e-05
10000,100,10,0.011788231063225867,0.5,5,5,1.5I,1.7206180040292132,1.4107529949389928,1.1470786693528088,3.3716193528648692,5.0,1.5,0.5103239197411777,0.34412360080584264,5000,0.0314,0.0384,0.0056,0.963,0.0,0.00029153526603739415,2.3888151846266134e-05,harmonic_moment_beta_2,5000,0.0,0.5050771317821452,0.00507713178214517,0.0033597240720426857,0.003384829394361546,0.05817928664362898,7.291578749048821e-05,-0.0006843738455268733,5.0351468479824595e-05
10000,100,10,0.011788231063225867,0.5,5,5,0.5D,1.6858096764324346,1.4009659111869228,1.1470786693528088,3.3716193528648692,5.0,1.4696548035223969,0.5,0.3371619352864869,5000,0.037,0.0456,0.0046,0.9584,0.0,0.00025550208485392847,2.3855453155312253e-05,hill,5000,0.0,0.5160070712285677,0.016007071228567656,0.002503042766306682,0.0027587684870698597,0.05252398011451398,5.8387129484376795e-05,0.0,0.0
10000,100,10,0.011788231063225867,0.5,5,5,0.5D,1.6858096764324346,1.4009659111869228,1.1470786693528088,3.3716193528648692,5.0,1.4696548035223969,0.5,0.3371619352864869,5000,0.037,0.0456,0.0046,0.9584,0.0,0.00025550208485392847,2.3855453155312253e-05,oracle_trimmed_hill,5000,0.0,0.49917741244515584,-0.0008225875548442375,0.002615391296180226,0.002615544868206375,0.05114239795127302,5.3413670993288925e-05,0.00014322361886348495,2.865506518001113e-05
10000,100,10,0.011788231063225867,0.5,5,5,0.5D,1.6858096764324346,1.4009659111869228,1.1470786693528088,3.3716193528648692,5.0,1.4696548035223969,0.5,0.3371619352864869,5000,0.037,0.0456,0.0046,0.9584,0.0,0.00025550208485392847,2.3855453155312253e-05,adaptive_trimmed_hill,5000,0.0,0.5143343468862343,0.014334346886234169,0.002591751195582088,0.002796706345997863,0.05288389495865318,5.9090626357901755e-05,-3.793785892800304e-05,1.2988655558741863e-05
10000,100,10,0.011788231063225867,0.5,5,5,0.5D,1.6858096764324346,1.4009659111869228,1.1470786693528088,3.3716193528648692,5.0,1.4696548035223969,0.5,0.3371619352864869,5000,0.037,0.0456,0.0046,0.9584,0.0,0.00025550208485392847,2.3855453155312253e-05,harmonic_moment_beta_0.5,5000,0.0,0.5094229113622889,0.009422911362288821,0.0025770845169367255,0.0026653603585748897,0.0516271281263532,5.758133171606664e-05,9.340812849496984e-05,1.9416391204896885e-05
10000,100,10,0.011788231063225867,0.5,5,5,0.5D,1.6858096764324346,1.4009659111869228,1.1470786693528088,3.3716193528648692,5.0,1.4696548035223969,0.5,0.3371619352864869,5000,0.037,0.0456,0.0046,0.9584,0.0,0.00025550208485392847,2.3855453155312253e-05,harmonic_moment_beta_1,5000,0.0,0.5057896386540045,0.005789638654004599,0.0027991050199050876,0.0028320651146450508,0.05321715056863765,6.164409904773374e-05,-7.329662757519113e-05,3.1468745030692377e-05
10000,100,10,0.011788231063225867,0.5,5,5,0.5D,1.6858096764324346,1.4009659111869228,1.1470786693528088,3.3716193528648692,5.0,1.4696548035223969,0.5,0.3371619352864869,5000,0.037,0.0456,0.0046,0.9584,0.0,0.00025550208485392847,2.3855453155312253e-05,harmonic_moment_beta_2,5000,0.0,0.5033986918633148,0.003398691863314835,0.0033678798203859014,0.0033787573508035876,0.058127079324559114,7.431161622867497e-05,-0.0006199888637337277,5.0254117475108875e-05
10000,100,10,0.011788231063225867,0.5,5,5,1.5D,5.057429029297304,2.7496834772148544,1.1470786693528088,3.3716193528648692,5.0,4.408964410567191,1.5,1.011485805859461,5000,0.9942,1.0,0.0058,0.0,0.0,0.002498620717642207,7.047617972709986e-05,hill,5000,0.0,0.5499896244414789,0.04998962444147896,0.002427365235678121,0.0049258423144310955,0.07018434522335515,9.011849571212763e-05,0.0,0.0
10000,100,10,0.011788231063225867,0.5,5,5,1.5D,5.057429029297304,2.7496834772148544,1.1470786693528088,3.3716193528648692,5.0,4.408964410567191,1.5,1.011485805859461,5000,0.9942,1.0,0.0058,0.0,0.0,0.002498620717642207,7.047617972709986e-05,oracle_trimmed_hill,5000,0.0,0.49922483595544975,-0.0007751640445502724,0.002528091058536511,0.0025281863196207673,0.05028107317491113,5.1160155684920886e-05,0.002397655994810328,7.228263470076005e-05
10000,100,10,0.011788231063225867,0.5,5,5,1.5D,5.057429029297304,2.7496834772148544,1.1470786693528088,3.3716193528648692,5.0,4.408964410567191,1.5,1.011485805859461,5000,0.9942,1.0,0.0058,0.0,0.0,0.002498620717642207,7.047617972709986e-05,adaptive_trimmed_hill,5000,0.0,0.49900928311719034,-0.0009907168828096036,0.002529388691001971,0.002529864333205654,0.050297756741286725,5.1176116957556215e-05,0.0023959779812254413,7.249090219213368e-05
10000,100,10,0.011788231063225867,0.5,5,5,1.5D,5.057429029297304,2.7496834772148544,1.1470786693528088,3.3716193528648692,5.0,4.408964410567191,1.5,1.011485805859461,5000,0.9942,1.0,0.0058,0.0,0.0,0.002498620717642207,7.047617972709986e-05,harmonic_moment_beta_0.5,5000,0.0,0.5246927072063415,0.02469270720634164,0.0024511951206630574,0.003060434670817041,0.05532119549338247,6.478373865476095e-05,0.0018654076436140543,4.213035610698798e-05
10000,100,10,0.011788231063225867,0.5,5,5,1.5D,5.057429029297304,2.7496834772148544,1.1470786693528088,3.3716193528648692,5.0,4.408964410567191,1.5,1.011485805859461,5000,0.9942,1.0,0.0058,0.0,0.0,0.002498620717642207,7.047617972709986e-05,harmonic_moment_beta_1,5000,0.0,0.5126362082383396,0.01263620823833962,0.0026861257815826516,0.002845262315069017,0.05334100031935113,6.122585932182089e-05,0.0020805799993620783,6.015675392571981e-05
10000,100,10,0.011788231063225867,0.5,5,5,1.5D,5.057429029297304,2.7496834772148544,1.1470786693528088,3.3716193528648692,5.0,4.408964410567191,1.5,1.011485805859461,5000,0.9942,1.0,0.0058,0.0,0.0,0.002498620717642207,7.047617972709986e-05,harmonic_moment_beta_2,5000,0.0,0.5052927220567305,0.005292722056730495,0.0032723537583226395,0.0032997121943407768,0.057443121384033236,7.100503512754896e-05,0.0016261301200903187,7.628901258803943e-05
10000,100,10,0.011788231063225867,0.5,5,5,0.5R,2.5,1.6487212707001282,1.1470786693528088,3.3716193528648692,5.0,2.179449471770337,0.7414834648744517,0.5,5000,0.1692,0.1778,0.0064,0.8244,0.0,0.0006046581946545845,3.4808501595160524e-05,hill,5000,0.0,0.5245931638930917,0.024593163893091692,0.0024232635666005865,0.003027602624159735,0.055023655132676666,6.377576610740064e-05,0.0,0.0
10000,100,10,0.011788231063225867,0.5,5,5,0.5R,2.5,1.6487212707001282,1.1470786693528088,3.3716193528648692,5.0,2.179449471770337,0.7414834648744517,0.5,5000,0.1692,0.1778,0.0064,0.8244,0.0,0.0006046581946545845,3.4808501595160524e-05,oracle_trimmed_hill,5000,0.0,0.49960564986470435,-0.0003943501352956288,0.0025540697019273005,0.0025537144000161226,0.05053428934907587,5.2380204686885466e-05,0.00047388822414361177,3.779828956816101e-05
10000,100,10,0.011788231063225867,0.5,5,5,0.5R,2.5,1.6487212707001282,1.1470786693528088,3.3716193528648692,5.0,2.179449471770337,0.7414834648744517,0.5,5000,0.1692,0.1778,0.0064,0.8244,0.0,0.0006046581946545845,3.4808501595160524e-05,adaptive_trimmed_hill,5000,0.0,0.5182957242795047,0.018295724279504617,0.002855428242433605,0.0031895906836967728,0.05647646132413727,6.532970904578137e-05,-0.00016198805953703812,2.1051409720619268e-05
10000,100,10,0.011788231063225867,0.5,5,5,0.5R,2.5,1.6487212707001282,1.1470786693528088,3.3716193528648692,5.0,2.179449471770337,0.7414834648744517,0.5,5000,0.1692,0.1778,0.0064,0.8244,0.0,0.0006046581946545845,3.4808501595160524e-05,harmonic_moment_beta_0.5,5000,0.0,0.5141101513104696,0.014110151310469598,0.0025247221877945578,0.0027233136133613454,0.05218537739023591,5.815187491640633e-05,0.0003042890107983891,2.314431465188961e-05
10000,100,10,0.011788231063225867,0.5,5,5,0.5R,2.5,1.6487212707001282,1.1470786693528088,3.3716193528648692,5.0,2.179449471770337,0.7414834648744517,0.5,5000,0.1692,0.1778,0.0064,0.8244,0.0,0.0006046581946545845,3.4808501595160524e-05,harmonic_moment_beta_1,5000,0.0,0.5084267044566878,0.008426704456687788,0.0027705025967932253,0.002840957844274228,0.05330063643404484,6.023955976489974e-05,0.0001866447798855066,3.6438543103600625e-05
10000,100,10,0.011788231063225867,0.5,5,5,0.5R,2.5,1.6487212707001282,1.1470786693528088,3.3716193528648692,5.0,2.179449471770337,0.7414834648744517,0.5,5000,0.1692,0.1778,0.0064,0.8244,0.0,0.0006046581946545845,3.4808501595160524e-05,harmonic_moment_beta_2,5000,0.0,0.5044791533936274,0.004479153393627437,0.0033562704782187248,0.0033756620392467254,0.05810044784032844,7.146181268623822e-05,-0.0003480594150869904,5.465683815996416e-05
10000,100,10,0.011788231063225867,0.5,5,5,1.5R,7.5,4.4816890703380645,1.1470786693528088,3.3716193528648692,5.0,6.5383484153110105,2.2244503946233554,1.5,5000,0.9944,1.0,0.0056,0.0,0.0,0.00564669071607015,0.00010611211972843431,hill,5000,0.0,0.5751446047738009,0.075144604773801,0.002502173767391461,0.00814838495924874,0.09026840509972878,0.00012430162823629608,0.0,0.0
10000,100,10,0.011788231063225867,0.5,5,5,1.5R,7.5,4.4816890703380645,1.1470786693528088,3.3716193528648692,5.0,6.5383484153110105,2.2244503946233554,1.5,5000,0.9944,1.0,0.0056,0.0,0.0,0.00564669071607015,0.00010611211972843431,oracle_trimmed_hill,5000,0.0,0.5002432190504035,0.00024321905040353115,0.0026406641382370677,0.0026401951609158992,0.051382829436650325,5.3891817568691664e-05,0.00550818979833284,0.00010656202238705955
10000,100,10,0.011788231063225867,0.5,5,5,1.5R,7.5,4.4816890703380645,1.1470786693528088,3.3716193528648692,5.0,6.5383484153110105,2.2244503946233554,1.5,5000,0.9944,1.0,0.0056,0.0,0.0,0.00564669071607015,0.00010611211972843431,adaptive_trimmed_hill,5000,0.0,0.5000579682408621,5.796824086204704e-05,0.0026436963614525945,0.0026431709824972526,0.05141177863580731,5.3925318373981065e-05,0.005505213976751486,0.00010694593159916486
10000,100,10,0.011788231063225867,0.5,5,5,1.5R,7.5,4.4816890703380645,1.1470786693528088,3.3716193528648692,5.0,6.5383484153110105,2.2244503946233554,1.5,5000,0.9944,1.0,0.0056,0.0,0.0,0.00564669071607015,0.00010611211972843431,harmonic_moment_beta_0.5,5000,0.0,0.5338710503409791,0.033871050340979085,0.002554372410298484,0.0037011095870175636,0.060836745368383766,7.790672603016755e-05,0.004447275372231175,6.400809492450023e-05
10000,100,10,0.011788231063225867,0.5,5,5,1.5R,7.5,4.4816890703380645,1.1470786693528088,3.3716193528648692,5.0,6.5383484153110105,2.2244503946233554,1.5,5000,0.9944,1.0,0.0056,0.0,0.0,0.00564669071607015,0.00010611211972843431,harmonic_moment_beta_1,5000,0.0,0.5163449583882567,0.016344958388256687,0.002825007299116193,0.003091599962370212,0.0556021578931089,6.868090314813637e-05,0.005056784996878527,8.789551467643293e-05
10000,100,10,0.011788231063225867,0.5,5,5,1.5R,7.5,4.4816890703380645,1.1470786693528088,3.3716193528648692,5.0,6.5383484153110105,2.2244503946233554,1.5,5000,0.9944,1.0,0.0056,0.0,0.0,0.00564669071607015,0.00010611211972843431,harmonic_moment_beta_2,5000,0.0,0.5066620093179138,0.006662009317913831,0.0034399527019344425,0.003483647079546026,0.05902242861443458,7.75179826678483e-05,0.004664737879702712,0.00010479157074065334
10000,100,10,0.011788231063225867,0.5,10,0,0,0.0,1.0,1.6666666666666667,3.3716193528648692,5.0,0.0,0.0,0.0,5000,0.9884,0.0116,0.0116,0.0,0.0,0.0,0.0,hill,5000,0.0,0.4997447959540672,-0.000255204045932794,0.002467409344856371,0.00246698099209246,0.049668712406226716,4.9744495742521324e-05,0.0,0.0
10000,100,10,0.011788231063225867,0.5,10,0,0,0.0,1.0,1.6666666666666667,3.3716193528648692,5.0,0.0,0.0,0.0,5000,0.9884,0.0116,0.0116,0.0,0.0,0.0,0.0,oracle_trimmed_hill,5000,0.0,0.4997447959540672,-0.000255204045932794,0.002467409344856371,0.00246698099209246,0.049668712406226716,4.9744495742521324e-05,0.0,0.0
10000,100,10,0.011788231063225867,0.5,10,0,0,0.0,1.0,1.6666666666666667,3.3716193528648692,5.0,0.0,0.0,0.0,5000,0.9884,0.0116,0.0116,0.0,0.0,0.0,0.0,adaptive_trimmed_hill,5000,0.0,0.49933737659390265,-0.0006626234060974247,0.0024753187930967326,0.0024752627991164217,0.0497520130157205,4.945429892554139e-05,-8.28180702396172e-06,6.490196099419509e-06
10000,100,10,0.011788231063225867,0.5,10,0,0,0.0,1.0,1.6666666666666667,3.3716193528648692,5.0,0.0,0.0,0.0,5000,0.9884,0.0116,0.0116,0.0,0.0,0.0,0.0,harmonic_moment_beta_0.5,5000,0.0,0.5009041701080922,0.0009041701080920964,0.0025883187672726213,0.002588618627103534,0.050878469189860005,5.271087986905377e-05,-0.0001216376350110745,1.5825841555878174e-05
10000,100,10,0.011788231063225867,0.5,10,0,0,0.0,1.0,1.6666666666666667,3.3716193528648692,5.0,0.0,0.0,0.0,5000,0.9884,0.0116,0.0116,0.0,0.0,0.0,0.0,harmonic_moment_beta_1,5000,0.0,0.5017980373381825,0.0017980373381825078,0.0028174136707631455,0.0028200831262984918,0.05310445486301965,5.820280216513487e-05,-0.00035310213420603154,2.845916777994555e-05
10000,100,10,0.011788231063225867,0.5,10,0,0,0.0,1.0,1.6666666666666667,3.3716193528648692,5.0,0.0,0.0,0.0,5000,0.9884,0.0116,0.0116,0.0,0.0,0.0,0.0,harmonic_moment_beta_2,5000,0.0,0.5033572493070053,0.0033572493070053696,0.003410298261949625,0.0034208873252066234,0.05848835204728052,7.272074224736257e-05,-0.0009539063331141633,5.0849530865096776e-05
10000,100,10,0.011788231063225867,0.5,10,10,0.5I,0.8333333333333334,1.086904049521229,1.6666666666666667,3.3716193528648692,5.0,0.5,0.24716115495815058,0.16666666666666669,5000,0.0064,0.015,0.0,0.9936,0.0,5.7518970298986985e-05,1.181728581312124e-05,hill,5000,0.0,0.507617804884606,0.0076178048846058805,0.002513668391801938,0.0025711966093835033,0.05070696805551978,5.260314224086331e-05,0.0,0.0
10000,100,10,0.011788231063225867,0.5,10,10,0.5I,0.8333333333333334,1.086904049521229,1.6666666666666667,3.3716193528648692,5.0,0.5,0.24716115495815058,0.16666666666666669,5000,0.0064,0.015,0.0,0.9936,0.0,5.7518970298986985e-05,1.181728581312124e-05,oracle_trimmed_hill,5000,0.0,0.49947679983757914,-0.0005232001624208772,0.002781666325492436,0.0027813837306372947,0.052738825647119736,5.54771859251911e-05,-0.00021018712125379197,2.6180877015561502e-05
10000,100,10,0.011788231063225867,0.5,10,10,0.5I,0.8333333333333334,1.086904049521229,1.6666666666666667,3.3716193528648692,5.0,0.5,0.24716115495815058,0.16666666666666669,5000,0.0064,0.015,0.0,0.9936,0.0,5.7518970298986985e-05,1.181728581312124e-05,adaptive_trimmed_hill,5000,0.0,0.507072901486613,0.007072901486613038,0.0025399399849397194,0.0025894579323820647,0.05088671665947868,5.305210751215465e-05,-1.826132299856188e-05,6.535931941449734e-06
10000,100,10,0.011788231063225867,0.5,10,10,0.5I,0.8333333333333334,1.086904049521229,1.6666666666666667,3.3716193528648692,5.0,0.5,0.24716115495815058,0.16666666666666669,5000,0.0064,0.015,0.0,0.9936,0.0,5.7518970298986985e-05,1.181728581312124e-05,harmonic_moment_beta_0.5,5000,0.0,0.506036116006157,0.006036116006157014,0.002609093787322662,0.0026450066650049826,0.051429628279863956,5.461311505351572e-05,-7.381005562147992e-05,1.615483753014209e-05
10000,100,10,0.011788231063225867,0.5,10,10,0.5I,0.8333333333333334,1.086904049521229,1.6666666666666667,3.3716193528648692,5.0,0.5,0.24716115495815058,0.16666666666666669,5000,0.0064,0.015,0.0,0.9936,0.0,5.7518970298986985e-05,1.181728581312124e-05,harmonic_moment_beta_1,5000,0.0,0.5048492529799113,0.0048492529799114194,0.0028200229068502006,0.00284297415673201,0.05331954760434498,5.928237100407962e-05,-0.0002717775473485072,2.8296599580137372e-05
10000,100,10,0.011788231063225867,0.5,10,10,0.5I,0.8333333333333334,1.086904049521229,1.6666666666666667,3.3716193528648692,5.0,0.5,0.24716115495815058,0.16666666666666669,5000,0.0064,0.015,0.0,0.9936,0.0,5.7518970298986985e-05,1.181728581312124e-05,harmonic_moment_beta_2,5000,0.0,0.5038559467577758,0.0038559467577758263,0.0033754152921532756,0.0033896085344936465,0.058220344678588484,7.221262583884329e-05,-0.0008184119251101438,4.884529392131891e-05
10000,100,10,0.011788231063225867,0.5,10,10,1.5I|0.5R,2.5,1.2840254166877414,1.6666666666666667,3.3716193528648692,5.0,1.5,0.7414834648744517,0.5,5000,0.182,0.187,0.0,0.818,0.0,0.0006136504904141253,3.559297143336476e-05,hill,5000,0.0,0.5247730098082825,0.024773009808282502,0.002533719230912639,0.003146914502027718,0.056097366266409675,6.483034896790896e-05,0.0,0.0
10000,100,10,0.011788231063225867,0.5,10,10,1.5I|0.5R,2.5,1.2840254166877414,1.6666666666666667,3.3716193528648692,5.0,1.5,0.7414834648744517,0.5,5000,0.182,0.187,0.0,0.818,0.0,0.0006136504904141253,3.559297143336476e-05,oracle_trimmed_hill,5000,0.0,0.5000974635225852,9.746352258528059e-05,0.0028218048988628707,0.002821250037021333,0.05311544066485124,5.640459732443119e-05,0.00032566446500638467,4.2045243740190684e-05
10000,100,10,0.011788231063225867,0.5,10,10,1.5I|0.5R,2.5,1.2840254166877414,1.6666666666666667,3.3716193528648692,5.0,1.5,0.7414834648744517,0.5,5000,0.182,0.187,0.0,0.818,0.0,0.0006136504904141253,3.559297143336476e-05,adaptive_trimmed_hill,5000,0.0,0.5182739972745852,0.018273997274585223,0.003016844753930911,0.003350180361371673,0.057880742577922,6.684987119254476e-05,-0.00020326585934395488,2.3417895360035655e-05
10000,100,10,0.011788231063225867,0.5,10,10,1.5I|0.5R,2.5,1.2840254166877414,1.6666666666666667,3.3716193528648692,5.0,1.5,0.7414834648744517,0.5,5000,0.182,0.187,0.0,0.818,0.0,0.0006136504904141253,3.559297143336476e-05,harmonic_moment_beta_0.5,5000,0.0,0.5179483307499102,0.017948330749910157,0.002616895143686401,0.002938514341365834,0.054208065279678024,6.158461458727999e-05,0.000208400160661884,2.0902631867227893e-05
10000,100,10,0.011788231063225867,0.5,10,10,1.5I|0.5R,2.5,1.2840254166877414,1.6666666666666667,3.3716193528648692,5.0,1.5,0.7414834648744517,0.5,5000,0.182,0.187,0.0,0.818,0.0,0.0006136504904141253,3.559297143336476e-05,harmonic_moment_beta_1,5000,0.0,0.5130428787489185,0.013042878748918548,0.0028398284802472243,0.0030093772006101658,0.05485779070114076,6.354601887036171e-05,0.00013753730141755196,3.445764676827769e-05
10000,100,10,0.011788231063225867,0.5,10,10,1.5I|0.5R,2.5,1.2840254166877414,1.6666666666666667,3.3716193528648692,5.0,1.5,0.7414834648744517,0.5,5000,0.182,0.187,0.0,0.818,0.0,0.0006136504904141253,3.559297143336476e-05,harmonic_moment_beta_2,5000,0.0,0.5082605992553537,0.008260599255353768,0.003422032144120278,0.0034895852377490057,0.05907271144741035,7.47561304446653e-05,-0.00034267073572128803,5.475909717771847e-05
10000,100,10,0.011788231063225867,0.5,10,10,0.5D,1.6858096764324346,1.183624058215666,1.6666666666666667,3.3716193528648692,5.0,1.0114858058594607,0.5,0.3371619352864869,5000,0.0374,0.0462,0.0,0.9626,0.0,0.00027038464422294455,2.4013726066846405e-05,hill,5000,0.0,0.5164484780960532,0.016448478096053168,0.0025363666416287614,0.002806411799976777,0.05297557739163186,5.950130070453197e-05,0.0,0.0
10000,100,10,0.011788231063225867,0.5,10,10,0.5D,1.6858096764324346,1.183624058215666,1.6666666666666667,3.3716193528648692,5.0,1.0114858058594607,0.5,0.3371619352864869,5000,0.0374,0.0462,0.0,0.9626,0.0,0.00027038464422294455,2.4013726066846405e-05,oracle_trimmed_hill,5000,0.0,0.499868415747004,-0.00013158425299594957,0.002781740690544406,0.0027812016568219333,0.052737099435046036,5.6108698316386946e-05,2.521014315484344e-05,3.334346459205723e-05
10000,100,10,0.011788231063225867,0.5,10,10,0.5D,1.6858096764324346,1.183624058215666,1.6666666666666667,3.3716193528648692,5.0,1.0114858058594607,0.5,0.3371619352864869,5000,0.0374,0.0462,0.0,0.9626,0.0,0.00027038464422294455,2.4013726066846405e-05,adaptive_trimmed_hill,5000,0.0,0.5148100131196092,0.014810013119609153,0.0026161398062650508,0.0028349530669067933,0.053244277316034566,5.956988699060922e-05,-2.8541266930016122e-05,1.2221372356291761e-05
10000,100,10,0.011788231063225867,0.5,10,10,0.5D,1.6858096764324346,1.183624058215666,1.6666666666666667,3.3716193528648692,5.0,1.0114858058594607,0.5,0.3371619352864869,5000,0.0374,0.0462,0.0,0.9626,0.0,0.00027038464422294455,2.4013726066846405e-05,harmonic_moment_beta_0.5,5000,0.0,0.5122258464734831,0.012225846473483137,0.00260246334409408,0.0027514141734184413,0.05245392428997511,5.831628237746328e-05,5.499762655833596e-05,1.8657234418318108e-05
10000,100,10,0.011788231063225867,0.5,10,10,0.5D,1.6858096764324346,1.183624058215666,1.6666666666666667,3.3716193528648692,5.0,1.0114858058594607,0.5,0.3371619352864869,5000,0.0374,0.0462,0.0,0.9626,0.0,0.00027038464422294455,2.4013726066846405e-05,harmonic_moment_beta_1,5000,0.0,0.509159538697186,0.009159538697186111,0.0028041844491429927,0.0028875207613984137,0.05373565633169854,6.127534132700224e-05,-8.110896142163687e-05,3.118552823534355e-05
10000,100,10,0.011788231063225867,0.5,10,10,0.5D,1.6858096764324346,1.183624058215666,1.6666666666666667,3.3716193528648692,5.0,1.0114858058594607,0.5,0.3371619352864869,5000,0.0374,0.0462,0.0,0.9626,0.0,0.00027038464422294455,2.4013726066846405e-05,harmonic_moment_beta_2,5000,0.0,0.5062041136411978,0.0062041136411977536,0.0033479922916999057,0.0033858137193144614,0.058187745439348834,7.194768028032569e-05,-0.0005794019193376851,5.0135841772099094e-05
10000,100,10,0.011788231063225867,0.5,10,10,1.5D,5.057429029297304,1.6582169572208743,1.6666666666666667,3.3716193528648692,5.0,3.0344574175783823,1.5,1.011485805859461,5000,1.0,1.0,0.0,0.0,0.0,0.002534348247490358,7.124430668964808e-05,hill,5000,0.0,0.5503428427431218,0.050342842743121785,0.0024805657784334164,0.00501447148073642,0.07081293300475854,9.168635875144675e-05,0.0,0.0
10000,100,10,0.011788231063225867,0.5,10,10,1.5D,5.057429029297304,1.6582169572208743,1.6666666666666667,3.3716193528648692,5.0,3.0344574175783823,1.5,1.011485805859461,5000,1.0,1.0,0.0,0.0,0.0,0.002534348247490358,7.124430668964808e-05,oracle_trimmed_hill,5000,0.0,0.49962499945720884,-0.00037500054279109984,0.0027281979781200246,0.0027277929639314942,0.0522282774359972,5.365045625410298e-05,0.002286678516804926,7.533514289703459e-05
10000,100,10,0.011788231063225867,0.5,10,10,1.5D,5.057429029297304,1.6582169572208743,1.6666666666666667,3.3716193528648692,5.0,3.0344574175783823,1.5,1.011485805859461,5000,1.0,1.0,0.0,0.0,0.0,0.002534348247490358,7.124430668964808e-05,adaptive_trimmed_hill,5000,0.0,0.49962499945720884,-0.00037500054279110016,0.002728197978120024,0.002727792963931494,0.05222827743599719,5.3650456254102976e-05,0.0022866785168049264,7.53351428970346e-05
10000,100,10,0.011788231063225867,0.5,10,10,1.5D,5.057429029297304,1.6582169572208743,1.6666666666666667,3.3716193528648692,5.0,3.0344574175783823,1.5,1.011485805859461,5000,1.0,1.0,0.0,0.0,0.0,0.002534348247490358,7.124430668964808e-05,harmonic_moment_beta_0.5,5000,0.0,0.5327738779719068,0.032773877971906756,0.0025069928087400888,0.0035806184874957766,0.059838269422634344,7.305430436524912e-05,0.001433852993240644,3.4707422992777684e-05
10000,100,10,0.011788231063225867,0.5,10,10,1.5D,5.057429029297304,1.6582169572208743,1.6666666666666667,3.3716193528648692,5.0,3.0344574175783823,1.5,1.011485805859461,5000,1.0,1.0,0.0,0.0,0.0,0.002534348247490358,7.124430668964808e-05,harmonic_moment_beta_1,5000,0.0,0.5208629937888346,0.020862993788834546,0.002720169657603474,0.0031548901335049025,0.05616840867876624,6.717054782876442e-05,0.001859581347231518,5.3859987008491235e-05
10000,100,10,0.011788231063225867,0.5,10,10,1.5D,5.057429029297304,1.6582169572208743,1.6666666666666667,3.3716193528648692,5.0,3.0344574175783823,1.5,1.011485805859461,5000,1.0,1.0,0.0,0.0,0.0,0.002534348247490358,7.124430668964808e-05,harmonic_moment_beta_2,5000,0.0,0.5094224430078333,0.009422443007833346,0.0032924344310919025,0.0033805583764415516,0.05814256940006652,7.266504590872708e-05,0.0016339131042948686,7.495237239304835e-05
10000,100,10,0.011788231063225867,0.5,10,10,1.5R,7.5,2.117000016612675,1.6666666666666667,3.3716193528648692,5.0,4.5,2.2244503946233554,1.5,5000,1.0,1.0,0.0,0.0,0.0,0.005556275408815913,0.0001057655748460789,hill,5000,0.0,0.5745418360587727,0.07454183605877275,0.0024858570716714485,0.008041845223270068,0.08967633591572566,0.00012126224271441879,0.0,0.0
10000,100,10,0.011788231063225867,0.5,10,10,1.5R,7.5,2.117000016612675,1.6666666666666667,3.3716193528648692,5.0,4.5,2.2244503946233554,1.5,5000,1.0,1.0,0.0,0.0,0.0,0.005556275408815913,0.0001057655748460789,oracle_trimmed_hill,5000,0.0,0.499436078936177,-0.0005639210638229783,0.002797186271410577,0.002796944841122518,0.052886149804296755,5.502166004789188e-05,0.00524490038214755,0.00010737354326302149
10000,100,10,0.011788231063225867,0.5,10,10,1.5R,7.5,2.117000016612675,1.6666666666666667,3.3716193528648692,5.0,4.5,2.2244503946233554,1.5,5000,1.0,1.0,0.0,0.0,0.0,0.005556275408815913,0.0001057655748460789,adaptive_trimmed_hill,5000,0.0,0.499436078936177,-0.0005639210638229777,0.0027971862714105764,0.002796944841122517,0.05288614980429675,5.502166004789187e-05,0.005244900382147551,0.00010737354326302149
10000,100,10,0.011788231063225867,0.5,10,10,1.5R,7.5,2.117000016612675,1.6666666666666667,3.3716193528648692,5.0,4.5,2.2244503946233554,1.5,5000,1.0,1.0,0.0,0.0,0.0,0.005556275408815913,0.0001057655748460789,harmonic_moment_beta_0.5,5000,0.0,0.5460523542802628,0.04605235428026276,0.002546101397571932,0.004666411512047253,0.06831113754028148,8.899580472157681e-05,0.003375433711222815,5.0045186990536776e-05
10000,100,10,0.011788231063225867,0.5,10,10,1.5R,7.5,2.117000016612675,1.6666666666666667,3.3716193528648692,5.0,4.5,2.2244503946233554,1.5,5000,1.0,1.0,0.0,0.0,0.0,0.005556275408815913,0.0001057655748460789,harmonic_moment_beta_1,5000,0.0,0.5279472397928728,0.02794723979287288,0.002808894937651481,0.003589381370704288,0.05991144607422098,7.64824525268928e-05,0.0044524638525657795,7.547306986934975e-05
10000,100,10,0.011788231063225867,0.5,10,10,1.5R,7.5,2.117000016612675,1.6666666666666667,3.3716193528648692,5.0,4.5,2.2244503946233554,1.5,5000,1.0,1.0,0.0,0.0,0.0,0.005556275408815913,0.0001057655748460789,harmonic_moment_beta_2,5000,0.0,0.5119149556052087,0.0119149556052087,0.003452957234846573,0.0035942328104736974,0.05995192082388768,7.840595385760926e-05,0.00444761241279637,9.983520325397243e-05
50000,223,10,0.008542072972012553,0.5,1,0,0,0.0,1.0,0.5011248608142747,3.532668328430944,7.466592261534039,0.0,0.0,0.0,5000,0.9924,0.0076,0.0076,0.0,0.0,0.0,0.0,hill,5000,0.0,0.5001508058607315,0.00015080586073141903,0.001096165483033126,0.0010959689923441501,0.0331054224009323,2.1940758154948503e-05,0.0,0.0
50000,223,10,0.008542072972012553,0.5,1,0,0,0.0,1.0,0.5011248608142747,3.532668328430944,7.466592261534039,0.0,0.0,0.0,5000,0.9924,0.0076,0.0076,0.0,0.0,0.0,0.0,oracle_trimmed_hill,5000,0.0,0.5001508058607315,0.00015080586073141903,0.001096165483033126,0.0010959689923441501,0.0331054224009323,2.1940758154948503e-05,0.0,0.0
50000,223,10,0.008542072972012553,0.5,1,0,0,0.0,1.0,0.5011248608142747,3.532668328430944,7.466592261534039,0.0,0.0,0.0,5000,0.9924,0.0076,0.0076,0.0,0.0,0.0,0.0,adaptive_trimmed_hill,5000,0.0,0.5000256269274245,2.5626927424504786e-05,0.0010986811325956727,0.0010984620531085628,0.033143054372048494,2.1975146715054333e-05,-2.4930607644125456e-06,1.7462182796894592e-06
50000,223,10,0.008542072972012553,0.5,1,0,0,0.0,1.0,0.5011248608142747,3.532668328430944,7.466592261534039,0.0,0.0,0.0,5000,0.9924,0.0076,0.0076,0.0,0.0,0.0,0.0,harmonic_moment_beta_0.5,5000,0.0,0.5007833220269006,0.0007833220269004991,0.0011501173544352919,0.0011505009243622322,0.03391903483830624,2.3300732887658778e-05,-5.4531932018081985e-05,6.7491453983200735e-06
50000,223,10,0.008542072972012553,0.5,1,0,0,0.0,1.0,0.5011248608142747,3.532668328430944,7.466592261534039,0.0,0.0,0.0,5000,0.9924,0.0076,0.0076,0.0,0.0,0.0,0.0,harmonic_moment_beta_1,5000,0.0,0.5012541148978047,0.0012541148978047279,0.001248954490189314,0.0012502775034681718,0.03535926333322248,2.5674242680794543e-05,-0.00015430851112402172,1.2178844907956056e-05
50000,223,10,0.008542072972012553,0.5,1,0,0,0.0,1.0,0.5011248608142747,3.532668328430944,7.466592261534039,0.0,0.0,0.0,5000,0.9924,0.0076,0.0076,0.0,0.0,0.0,0.0,harmonic_moment_beta_2,5000,0.0,0.5019787665899523,0.001978766589952281,0.001496377595144184,0.0014999938368426664,0.0387297538959734,3.1734253128655316e-05,-0.0004040248444985161,2.1719038012011453e-05
50000,223,10,0.008542072972012553,0.5,1,1,0.5I,0.2505624304071373,1.2847477947502755,0.5011248608142747,3.532668328430944,7.466592261534039,0.5,0.07092724453937801,0.033557802760701215,5000,0.0006,0.0064,0.0058,0.9936,0.0,1.2025735731453006e-06,1.0868388489374802e-06,hill,5000,0.0,0.5010969430601581,0.0010969430601581746,0.0011695482429661815,0.0011705176173948174,0.03421282825775761,2.349153013114513e-05,0.0,0.0
50000,223,10,0.008542072972012553,0.5,1,1,0.5I,0.2505624304071373,1.2847477947502755,0.5011248608142747,3.532668328430944,7.466592261534039,0.5,0.07092724453937801,0.033557802760701215,5000,0.0006,0.0064,0.0058,0.9936,0.0,1.2025735731453006e-06,1.0868388489374802e-06,oracle_trimmed_hill,5000,0.0,0.4999792571649624,-2.0742835037555672e-05,0.001174774828515378,0.0011745403038148803,0.03427156698802785,2.35309891319167e-05,-4.022686420063006e-06,2.4703098063694157e-06
50000,223,10,0.008542072972012553,0.5,1,1,0.5I,0.2505624304071373,1.2847477947502755,0.5011248608142747,3.532668328430944,7.466592261534039,0.5,0.07092724453937801,0.033557802760701215,5000,0.0006,0.0064,0.0058,0.9936,0.0,1.2025735731453006e-06,1.0868388489374802e-06,adaptive_trimmed_hill,5000,0.0,0.5009923637632101,0.000992363763210119,0.001170609655979156,0.0011713603198864927,0.03422514163427951,2.354790860560903e-05,-8.427024916752549e-07,1.4192752201578958e-06
50000,223,10,0.008542072972012553,0.5,1,1,0.5I,0.2505624304071373,1.2847477947502755,0.5011248608142747,3.532668328430944,7.466592261534039,0.5,0.07092724453937801,0.033557802760701215,5000,0.0006,0.0064,0.0058,0.9936,0.0,1.2025735731453006e-06,1.0868388489374802e-06,harmonic_moment_beta_0.5,5000,0.0,0.5009286228238911,0.0009286228238910249,0.0012244303128984852,0.0012250477671849568,0.03500068238170446,2.459439053894728e-05,-5.453014979013948e-05,7.099953187073031e-06
50000,223,10,0.008542072972012553,0.5,1,1,0.5I,0.2505624304071373,1.2847477947502755,0.5011248608142747,3.532668328430944,7.466592261534039,0.5,0.07092724453937801,0.033557802760701215,5000,0.0006,0.0064,0.0058,0.9936,0.0,1.2025735731453006e-06,1.0868388489374802e-06,harmonic_moment_beta_1,5000,0.0,0.5011468312654168,0.0011468312654167058,0.001326032648853192,0.0013270826642747587,0.03642914580764636,2.6785207468737694e-05,-0.0001565650468799413,1.2508444531360433e-05
50000,223,10,0.008542072972012553,0.5,1,1,0.5I,0.2505624304071373,1.2847477947502755,0.5011248608142747,3.532668328430944,7.466592261534039,0.5,0.07092724453937801,0.033557802760701215,5000,0.0006,0.0064,0.0058,0.9936,0.0,1.2025735731453006e-06,1.0868388489374802e-06,harmonic_moment_beta_2,5000,0.0,0.5018661542439944,0.0018661542439944185,0.0015782970554321682,0.00158146392768346,0.03976762411413913,3.250589696130976e-05,-0.0004109463102886425,2.1908842888339228e-05
50000,223,10,0.008542072972012553,0.5,1,1,1.5I,0.751687291221412,2.1205750273503945,0.5011248608142747,3.532668328430944,7.466592261534039,1.5,0.21278173361813404,0.10067340828210365,5000,0.004,0.0118,0.0078,0.9882,0.0,1.3877490895374186e-05,3.0964486853858362e-06,hill,5000,0.0,0.5037438867991945,0.0037438867991944976,0.0010548072306611933,0.0010686129575802439,0.032689646030207235,2.1537348052833174e-05,0.0,0.0
50000,223,10,0.008542072972012553,0.5,1,1,1.5I,0.751687291221412,2.1205750273503945,0.5011248608142747,3.532668328430944,7.466592261534039,1.5,0.21278173361813404,0.10067340828210365,5000,0.004,0.0118,0.0078,0.9882,0.0,1.3877490895374186e-05,3.0964486853858362e-06,oracle_trimmed_hill,5000,0.0,0.5003503832249503,0.0003503832249502766,0.0010581910409897884,0.0010581021711859168,0.03252848246054397,2.1220100630401036e-05,1.0510786394326943e-05,3.7061554750003754e-06
50000,223,10,0.008542072972012553,0.5,1,1,1.5I,0.751687291221412,2.1205750273503945,0.5011248608142747,3.532668328430944,7.466592261534039,1.5,0.21278173361813404,0.10067340828210365,5000,0.004,0.0118,0.0078,0.9882,0.0,1.3877490895374186e-05,3.0964486853858362e-06,adaptive_trimmed_hill,5000,0.0,0.503535267694924,0.0035352676949240297,0.001057223197863405,0.0010695098708986058,0.032703361767540136,2.1504427092543063e-05,-8.96913318362144e-07,1.4736854893577807e-06
50000,223,10,0.008542072972012553,0.5,1,1,1.5I,0.751687291221412,2.1205750273503945,0.5011248608142747,3.532668328430944,7.466592261534039,1.5,0.21278173361813404,0.10067340828210365,5000,0.004,0.0118,0.0078,0.9882,0.0,1.3877490895374186e-05,3.0964486853858362e-06,harmonic_moment_beta_0.5,5000,0.0,0.50168546371714,0.0016854637171399272,0.0010941678766481033,0.001096789831014569,0.03311781742528588,2.2228120019332043e-05,-2.8176873434325113e-05,6.902436587997684e-06
50000,223,10,0.008542072972012553,0.5,1,1,1.5I,0.751687291221412,2.1205750273503945,0.5011248608142747,3.532668328430944,7.466592261534039,1.5,0.21278173361813404,0.10067340828210365,5000,0.004,0.0118,0.0078,0.9882,0.0,1.3877490895374186e-05,3.0964486853858362e-06,harmonic_moment_beta_1,5000,0.0,0.5012168870686331,0.001216887068633133,0.0011877944568870244,0.0011890377121334535,0.034482426134676974,2.4144457041990145e-05,-0.0001204247545532096,1.1679548907866447e-05
50000,223,10,0.008542072972012553,0.5,1,1,1.5I,0.751687291221412,2.1205750273503945,0.5011248608142747,3.532668328430944,7.466592261534039,1.5,0.21278173361813404,0.10067340828210365,5000,0.004,0.0118,0.0078,0.9882,0.0,1.3877490895374186e-05,3.0964486853858362e-06,harmonic_moment_beta_2,5000,0.0,0.5013978989057553,0.0013978989057552823,0.001424766605119038,0.0014264357731487258,0.03776818466843126,2.9113687492726357e-05,-0.0003578228155684821,1.9815035901823018e-05
50000,223,10,0.008542072972012553,0.5,1,1,0.5D,1.766334164215472,5.849371176183436,0.5011248608142747,3.532668328430944,7.466592261534039,3.524738647660319,0.5,0.23656496864241144,5000,0.0296,0.035,0.0054,0.965,0.0,5.863783870989391e-05,7.414656609706313e-06,hill,5000,0.0,0.5076619092462396,0.0076619092462395354,0.0010953580042763027,0.0011538437859730582,0.03396827617017175,2.2756602916594417e-05,0.0,0.0
50000,223,10,0.008542072972012553,0.5,1,1,0.5D,1.766334164215472,5.849371176183436,0.5011248608142747,3.532668328430944,7.466592261534039,3.524738647660319,0.5,0.23656496864241144,5000,0.0296,0.035,0.0054,0.965,0.0,5.863783870989391e-05,7.414656609706313e-06,oracle_trimmed_hill,5000,0.0,0.49975159953347936,-0.00024840046652058173,0.0011022134401387545,0.0011020547002424945,0.033197209223705754,2.127500525373489e-05,5.178908573056392e-05,7.699563348828651e-06
50000,223,10,0.008542072972012553,0.5,1,1,0.5D,1.766334164215472,5.849371176183436,0.5011248608142747,3.532668328430944,7.466592261534039,3.524738647660319,0.5,0.23656496864241144,5000,0.0296,0.035,0.0054,0.965,0.0,5.863783870989391e-05,7.414656609706313e-06,adaptive_trimmed_hill,5000,0.0,0.5070653795616907,0.00706537956169074,0.001110365845317184,0.0011600633604988777,0.034059702883302984,2.2826840307783166e-05,-6.219574525819479e-06,3.1731157951961135e-06
50000,223,10,0.008542072972012553,0.5,1,1,0.5D,1.766334164215472,5.849371176183436,0.5011248608142747,3.532668328430944,7.466592261534039,3.524738647660319,0.5,0.23656496864241144,5000,0.0296,0.035,0.0054,0.965,0.0,5.863783870989391e-05,7.414656609706313e-06,harmonic_moment_beta_0.5,5000,0.0,0.5022036502337188,0.0022036502337188786,0.0011382559650488303,0.0011428843882083895,0.03380657315091829,2.2511393819406012e-05,1.0959397764668669e-05,8.48944268752459e-06
50000,223,10,0.008542072972012553,0.5,1,1,0.5D,1.766334164215472,5.849371176183436,0.5011248608142747,3.532668328430944,7.466592261534039,3.524738647660319,0.5,0.23656496864241144,5000,0.0296,0.035,0.0054,0.965,0.0,5.863783870989391e-05,7.414656609706313e-06,harmonic_moment_beta_1,5000,0.0,0.5011907761397247,0.00119077613972472,0.0012339833922003006,0.0012351545433367983,0.03514476551830725,2.4462056548700127e-05,-8.131075736373997e-05,1.298041296098245e-05
50000,223,10,0.008542072972012553,0.5,1,1,0.5D,1.766334164215472,5.849371176183436,0.5011248608142747,3.532668328430944,7.466592261534039,3.524738647660319,0.5,0.23656496864241144,5000,0.0296,0.035,0.0054,0.965,0.0,5.863783870989391e-05,7.414656609706313e-06,harmonic_moment_beta_2,5000,0.0,0.5014430367853759,0.001443036785375936,0.0014732182559689315,0.0014750059674816856,0.03840580642925866,2.9629796409120587e-05,-0.0003211621815086273,2.0699040064838965e-05
50000,223,10,0.008542072972012553,0.5,1,1,1.5D,5.299002492646416,200.13707217017463,0.5011248608142747,3.532668328430944,7.466592261534039,10.574215942980956,1.5,0.7096949059272344,5000,0.9922,1.0,0.0078,0.0,0.0,0.0005638905724178557,2.238907506842705e-05,hill,5000,0.0,0.5237463855577714,0.023746385557771525,0.0011096954273580892,0.0016733643153309572,0.040906775909755555,3.302984100293507e-05,0.0,0.0
50000,223,10,0.008542072972012553,0.5,1,1,1.5D,5.299002492646416,200.13707217017463,0.5011248608142747,3.532668328430944,7.466592261534039,10.574215942980956,1.5,0.7096949059272344,5000,0.9922,1.0,0.0078,0.0,0.0,0.0005638905724178557,2.238907506842705e-05,oracle_trimmed_hill,5000,0.0,0.499946117955919,-5.388204408089152e-05,0.0011145988894360115,0.0011143788729327986,0.03338231377440453,2.2096086194594854e-05,0.0005589854423981588,2.25772318560168e-05
50000,223,10,0.008542072972012553,0.5,1,1,1.5D,5.299002492646416,200.13707217017463,0.5011248608142747,3.532668328430944,7.466592261534039,10.574215942980956,1.5,0.7096949059272344,5000,0.9922,1.0,0.0078,0.0,0.0,0.0005638905724178557,2.238907506842705e-05,adaptive_trimmed_hill,5000,0.0,0.49982041216900014,-0.00017958783099989662,0.0011145482326521453,0.0011143575747946581,0.03338199476955591,2.212363808776321e-05,0.0005590067405362992,2.2695833976641752e-05
50000,223,10,0.008542072972012553,0.5,1,1,1.5D,5.299002492646416,200.13707217017463,0.5011248608142747,3.532668328430944,7.466592261534039,10.574215942980956,1.5,0.7096949059272344,5000,0.9922,1.0,0.0078,0.0,0.0,0.0005638905724178557,2.238907506842705e-05,harmonic_moment_beta_0.5,5000,0.0,0.5035094891234144,0.0035094891234144386,0.0011655126559753023,0.0011775960673514713,0.034316119642982236,2.4188102670519198e-05,0.000495768247979486,2.0120083857614223e-05
50000,223,10,0.008542072972012553,0.5,1,1,1.5D,5.299002492646416,200.13707217017463,0.5011248608142747,3.532668328430944,7.466592261534039,10.574215942980956,1.5,0.7096949059272344,5000,0.9922,1.0,0.0078,0.0,0.0,0.0005638905724178557,2.238907506842705e-05,harmonic_moment_beta_1,5000,0.0,0.5014825176924657,0.0014825176924656287,0.001275208007852972,0.001277150824959875,0.035737247025475746,2.6266243431805826e-05,0.00039621349037108236,2.352396482790654e-05
50000,223,10,0.008542072972012553,0.5,1,1,1.5D,5.299002492646416,200.13707217017463,0.5011248608142747,3.532668328430944,7.466592261534039,10.574215942980956,1.5,0.7096949059272344,5000,0.9922,1.0,0.0078,0.0,0.0,0.0005638905724178557,2.238907506842705e-05,harmonic_moment_beta_2,5000,0.0,0.5017060292166104,0.0017060292166105522,0.0015306389299200832,0.001533243337822028,0.03915665125903935,3.203794421869108e-05,0.00014012097750892947,2.825900875096036e-05
50000,223,10,0.008542072972012553,0.5,1,1,0.5R,3.7332961307670196,41.81671461463331,0.5011248608142747,3.532668328430944,7.466592261534039,7.44983221287567,1.0567921422799365,0.5,5000,0.933,0.9414,0.0084,0.0586,0.0,0.0002855578603631737,1.5732437935666997e-05,hill,5000,0.0,0.5168991955689118,0.016899195568911878,0.0011038928311622785,0.001389254863472377,0.03727270936586683,2.834076152961033e-05,0.0,0.0
50000,223,10,0.008542072972012553,0.5,1,1,0.5R,3.7332961307670196,41.81671461463331,0.5011248608142747,3.532668328430944,7.466592261534039,7.44983221287567,1.0567921422799365,0.5,5000,0.933,0.9414,0.0084,0.0586,0.0,0.0002855578603631737,1.5732437935666997e-05,oracle_trimmed_hill,5000,0.0,0.5001880604049574,0.00018806040495747834,0.0011096879952908194,0.0011095014244076739,0.033309179281508484,2.2451714883489437e-05,0.0002797534390647031,1.590044034795277e-05
50000,223,10,0.008542072972012553,0.5,1,1,0.5R,3.7332961307670196,41.81671461463331,0.5011248608142747,3.532668328430944,7.466592261534039,7.44983221287567,1.0567921422799365,0.5,5000,0.933,0.9414,0.0084,0.0586,0.0,0.0002855578603631737,1.5732437935666997e-05,adaptive_trimmed_hill,5000,0.0,0.5009129011481922,0.000912901148192178,0.0012160293350121456,0.0012166195176515138,0.034880073360753036,2.600024891715712e-05,0.00017263534582086316,1.4941834622706247e-05
50000,223,10,0.008542072972012553,0.5,1,1,0.5R,3.7332961307670196,41.81671461463331,0.5011248608142747,3.532668328430944,7.466592261534039,7.44983221287567,1.0567921422799365,0.5,5000,0.933,0.9414,0.0084,0.0586,0.0,0.0002855578603631737,1.5732437935666997e-05,harmonic_moment_beta_0.5,5000,0.0,0.50344856461067,0.003448564610670057,0.0011603890686847204,0.0011720495887449494,0.034235209780939704,2.4024989377333667e-05,0.00021720527472742778,1.4403642107012874e-05
50000,223,10,0.008542072972012553,0.5,1,1,0.5R,3.7332961307670196,41.81671461463331,0.5011248608142747,3.532668328430944,7.466592261534039,7.44983221287567,1.0567921422799365,0.5,5000,0.933,0.9414,0.0084,0.0586,0.0,0.0002855578603631737,1.5732437935666997e-05,harmonic_moment_beta_1,5000,0.0,0.5016537204682802,0.0016537204682801495,0.001271464130931153,0.0012739446294921756,0.03569236094029331,2.600580042843283e-05,0.00011531023398020155,1.8313567047012087e-05
50000,223,10,0.008542072972012553,0.5,1,1,0.5R,3.7332961307670196,41.81671461463331,0.5011248608142747,3.532668328430944,7.466592261534039,7.44983221287567,1.0567921422799365,0.5,5000,0.933,0.9414,0.0084,0.0586,0.0,0.0002855578603631737,1.5732437935666997e-05,harmonic_moment_beta_2,5000,0.0,0.5018042142093428,0.001804214209342852,0.0015304078374708135,0.001533356944816514,0.03915810190518067,3.1447545149475575e-05,-0.0001441020813441369,2.434599591676808e-05
50000,223,10,0.008542072972012553,0.5,1,1,1.5R,11.199888392301059,73122.28036852955,0.5011248608142747,3.532668328430944,7.466592261534039,22.34949663862701,3.1703764268398094,1.5,5000,0.9916,1.0,0.0084,0.0,0.0,0.0025272727067948116,4.794323413957668e-05,hill,5000,0.0,0.5502720104956281,0.050272010495628044,0.00113906105565997,0.0036661082827213745,0.060548396202718485,5.583038305867671e-05,0.0,0.0
50000,223,10,0.008542072972012553,0.5,1,1,1.5R,11.199888392301059,73122.28036852955,0.5011248608142747,3.532668328430944,7.466592261534039,22.34949663862701,3.1703764268398094,1.5,5000,0.9916,1.0,0.0084,0.0,0.0,0.0025272727067948116,4.794323413957668e-05,oracle_trimmed_hill,5000,0.0,0.4999983368252994,-1.6631747005218855e-06,0.0011438246377803148,0.0011435958756189088,0.033817094428985305,2.364255083222523e-05,0.002522512407102465,4.797973679485804e-05
50000,223,10,0.008542072972012553,0.5,1,1,1.5R,11.199888392301059,73122.28036852955,0.5011248608142747,3.532668328430944,7.466592261534039,22.34949663862701,3.1703764268398094,1.5,5000,0.9916,1.0,0.0084,0.0,0.0,0.0025272727067948116,4.794323413957668e-05,adaptive_trimmed_hill,5000,0.0,0.4998661997487654,-0.00013380025123462577,0.0011429328309759145,0.0011427221469169498,0.03380417351329492,2.346130093279245e-05,0.0025233861358044244,4.82295965992022e-05
50000,223,10,0.008542072972012553,0.5,1,1,1.5R,11.199888392301059,73122.28036852955,0.5011248608142747,3.532668328430944,7.466592261534039,22.34949663862701,3.1703764268398094,1.5,5000,0.9916,1.0,0.0084,0.0,0.0,0.0025272727067948116,4.794323413957668e-05,harmonic_moment_beta_0.5,5000,0.0,0.5038432700807851,0.003843270080785047,0.001188502902063398,0.001203035926396843,0.03468480829407657,2.518492316603917e-05,0.0024630723563245313,4.488325094724453e-05
50000,223,10,0.008542072972012553,0.5,1,1,1.5R,11.199888392301059,73122.28036852955,0.5011248608142747,3.532668328430944,7.466592261534039,22.34949663862701,3.1703764268398094,1.5,5000,0.9916,1.0,0.0084,0.0,0.0,0.0025272727067948116,4.794323413957668e-05,harmonic_moment_beta_1,5000,0.0,0.5015827385850241,0.001582738585024079,0.0012952309651886476,0.0012974769804241341,0.0360205077757676,2.6975268784860036e-05,0.0023686313022972406,4.768030638633348e-05
50000,223,10,0.008542072972012553,0.5,1,1,1.5R,11.199888392301059,73122.28036852955,0.5011248608142747,3.532668328430944,7.466592261534039,22.34949663862701,3.1703764268398094,1.5,5000,0.9916,1.0,0.0084,0.0,0.0,0.0025272727067948116,4.794323413957668e-05,harmonic_moment_beta_2,5000,0.0,0.5017299828580298,0.0017299828580297533,0.0015422444702860286,0.0015449288620810481,0.03930558309045991,3.249524127649649e-05,0.0021211794206403263,4.977752608983093e-05
50000,223,10,0.008542072972012553,0.5,3,0,0,0.0,1.0,0.8719101288133272,3.532668328430944,7.466592261534039,0.0,0.0,0.0,5000,0.9916,0.0084,0.0084,0.0,0.0,0.0,0.0,hill,5000,0.0,0.5002511047871153,0.0002511047871153134,0.0011544190419789091,0.0011542512117846257,0.033974272792579766,2.268322094899144e-05,0.0,0.0
50000,223,10,0.008542072972012553,0.5,3,0,0,0.0,1.0,0.8719101288133272,3.532668328430944,7.466592261534039,0.0,0.0,0.0,5000,0.9916,0.0084,0.0084,0.0,0.0,0.0,0.0,oracle_trimmed_hill,5000,0.0,0.5002511047871153,0.0002511047871153134,0.0011544190419789091,0.0011542512117846257,0.033974272792579766,2.268322094899144e-05,0.0,0.0
50000,223,10,0.008542072972012553,0.5,3,0,0,0.0,1.0,0.8719101288133272,3.532668328430944,7.466592261534039,0.0,0.0,0.0,5000,0.9916,0.0084,0.0084,0.0,0.0,0.0,0.0,adaptive_trimmed_hill,5000,0.0,0.5001080532844293,0.00010805328442931115,0.001155988059518368,0.0011557685374187403,0.03399659596810746,2.2692101984252517e-05,-1.5173256341145539e-06,1.8523359310654424e-06
50000,223,10,0.008542072972012553,0.5,3,0,0,0.0,1.0,0.8719101288133272,3.532668328430944,7.466592261534039,0.0,0.0,0.0,5000,0.9916,0.0084,0.0084,0.0,0.0,0.0,0.0,harmonic_moment_beta_0.5,5000,0.0,0.5005429466313406,0.0005429466313405474,0.0012077005497031772,0.0012077538006377206,0.03475275241815705,2.3957416700558154e-05,-5.350258885309498e-05,6.8520720866209215e-06
50000,223,10,0.008542072972012553,0.5,3,0,0,0.0,1.0,0.8719101288133272,3.532668328430944,7.466592261534039,0.0,0.0,0.0,5000,0.9916,0.0084,0.0084,0.0,0.0,0.0,0.0,harmonic_moment_beta_1,5000,0.0,0.5007699202686913,0.0007699202686912887,0.0013060510833941337,0.0013063826503975967,0.03614391581438841,2.6254954658915006e-05,-0.000152131438612971,1.2124994630452046e-05
50000,223,10,0.008542072972012553,0.5,3,0,0,0.0,1.0,0.8719101288133272,3.532668328430944,7.466592261534039,0.0,0.0,0.0,5000,0.9916,0.0084,0.0084,0.0,0.0,0.0,0.0,harmonic_moment_beta_2,5000,0.0,0.5011920480877039,0.0011920480877039346,0.0015526835198241215,0.0015537939617635554,0.03941819328385759,3.184102435586231e-05,-0.0003995427499789297,2.0978246268677168e-05
50000,223,10,0.008542072972012553,0.5,3,3,0.5I,0.4359550644066636,1.1564076596051693,0.8719101288133272,3.532668328430944,7.466592261534039,0.5,0.1234067350444687,0.058387420812114225,5000,0.0008,0.006,0.0048,0.9944,0.0,5.444307272779791e-06,1.827906784002341e-06,hill,5000,0.0,0.5023699154085008,0.0023699154085007985,0.001092809279544982,0.0010982072167325225,0.03313920965763249,2.223422068944927e-05,0.0,0.0
50000,223,10,0.008542072972012553,0.5,3,3,0.5I,0.4359550644066636,1.1564076596051693,0.8719101288133272,3.532668328430944,7.466592261534039,0.5,0.1234067350444687,0.058387420812114225,5000,0.0008,0.006,0.0048,0.9944,0.0,5.444307272779791e-06,1.827906784002341e-06,oracle_trimmed_hill,5000,0.0,0.5004555735819968,0.0004555735819967631,0.0011111026370653825,0.0011110879638265827,0.033332986122257074,2.232533846346878e-05,-1.2880747094060385e-05,4.034098922874004e-06
50000,223,10,0.008542072972012553,0.5,3,3,0.5I,0.4359550644066636,1.1564076596051693,0.8719101288133272,3.532668328430944,7.466592261534039,0.5,0.1234067350444687,0.058387420812114225,5000,0.0008,0.006,0.0048,0.9944,0.0,5.444307272779791e-06,1.827906784002341e-06,adaptive_trimmed_hill,5000,0.0,0.5022691138170883,0.0022691138170883914,0.0010951723157924624,0.0011001021588442053,0.03316778797032153,2.226282925953843e-05,-1.8949421116829881e-06,1.2380164689350474e-06
50000,223,10,0.008542072972012553,0.5,3,3,0.5I,0.4359550644066636,1.1564076596051693,0.8719101288133272,3.532668328430944,7.466592261534039,0.5,0.1234067350444687,0.058387420812114225,5000,0.0008,0.006,0.0048,0.9944,0.0,5.444307272779791e-06,1.827906784002341e-06,harmonic_moment_beta_0.5,5000,0.0,0.5017240562812197,0.0017240562812197943,0.0011378767466948127,0.001140621541406287,0.03377308901190839,2.3045812289777837e-05,-4.2414324673764705e-05,6.8557520143146315e-06
50000,223,10,0.008542072972012553,0.5,3,3,0.5I,0.4359550644066636,1.1564076596051693,0.8719101288133272,3.532668328430944,7.466592261534039,0.5,0.1234067350444687,0.058387420812114225,5000,0.0008,0.006,0.0048,0.9944,0.0,5.444307272779791e-06,1.827906784002341e-06,harmonic_moment_beta_1,5000,0.0,0.501612424689313,0.0016124246893130462,0.0012339108078269197,0.0012362639390440604,0.0351605452040218,2.5005452820435047e-05,-0.00013805672231153804,1.184283794217136e-05
50000,223,10,0.008542072972012553,0.5,3,3,0.5I,0.4359550644066636,1.1564076596051693,0.8719101288133272,3.532668328430944,7.466592261534039,0.5,0.1234067350444687,0.058387420812114225,5000,0.0008,0.006,0.0048,0.9944,0.0,5.444307272779791e-06,1.827906784002341e-06,harmonic_moment_beta_2,5000,0.0,0.501999222390767,0.001999222390766991,0.0014755554650468748,0.0014792572441216095,0.038461113402001375,3.0101137479234433e-05,-0.000381050027389087,2.018175774913904e-05
50000,223,10,0.008542072972012553,0.5,3,3,1.5I,1.3078651932199907,1.546439303020423,0.8719101288133272,3.532668328430944,7.466592261534039,1.5,0.37022020513340603,0.17516226243634267,5000,0.0134,0.022,0.007,0.9796,0.0,3.613154920571148e-05,5.566599614467864e-06,hill,5000,0.0,0.506012771843712,0.006012771843711999,0.0011260916696281215,0.0011620198765387318,0.03408841264328293,2.3303202947124374e-05,0.0,0.0
50000,223,10,0.008542072972012553,0.5,3,3,1.5I,1.3078651932199907,1.546439303020423,0.8719101288133272,3.532668328430944,7.466592261534039,1.5,0.37022020513340603,0.17516226243634267,5000,0.0134,0.022,0.007,0.9796,0.0,3.613154920571148e-05,5.566599614467864e-06,oracle_trimmed_hill,5000,0.0,0.5001039132438694,0.00010391324386935108,0.0011478110010782652,0.0011475922368403009,0.0338761307831975,2.263698835954317e-05,1.4427639698431e-05,6.5732456740228185e-06
50000,223,10,0.008542072972012553,0.5,3,3,1.5I,1.3078651932199907,1.546439303020423,0.8719101288133272,3.532668328430944,7.466592261534039,1.5,0.37022020513340603,0.17516226243634267,5000,0.0134,0.022,0.007,0.9796,0.0,3.613154920571148e-05,5.566599614467864e-06,adaptive_trimmed_hill,5000,0.0,0.5056247477483535,0.005624747748353516,0.0011390904985608356,0.0011705004676937315,0.034212577624226616,2.3381534787043058e-05,-8.480591154999726e-06,2.5311707142752885e-06
50000,223,10,0.008542072972012553,0.5,3,3,1.5I,1.3078651932199907,1.546439303020423,0.8719101288133272,3.532668328430944,7.466592261534039,1.5,0.37022020513340603,0.17516226243634267,5000,0.0134,0.022,0.007,0.9796,0.0,3.613154920571148e-05,5.566599614467864e-06,harmonic_moment_beta_0.5,5000,0.0,0.5029589518939963,0.0029589518939961874,0.0011752864755784037,0.0011838068145942717,0.034406493785247454,2.36931276621425e-05,-2.1786938055539778e-05,7.564805329305757e-06
50000,223,10,0.008542072972012553,0.5,3,3,1.5I,1.3078651932199907,1.546439303020423,0.8719101288133272,3.532668328430944,7.466592261534039,1.5,0.37022020513340603,0.17516226243634267,5000,0.0134,0.022,0.007,0.9796,0.0,3.613154920571148e-05,5.566599614467864e-06,harmonic_moment_beta_1,5000,0.0,0.5018821709668874,0.0018821709668873786,0.0012738887319086907,0.0012771765217109029,0.035737606547038135,2.570544781093866e-05,-0.0001151566451721709,1.2706887867251091e-05
50000,223,10,0.008542072972012553,0.5,3,3,1.5I,1.3078651932199907,1.546439303020423,0.8719101288133272,3.532668328430944,7.466592261534039,1.5,0.37022020513340603,0.17516226243634267,5000,0.0134,0.022,0.007,0.9796,0.0,3.613154920571148e-05,5.566599614467864e-06,harmonic_moment_beta_2,5000,0.0,0.5016893657931816,0.001689365793181626,0.0015177656304551012,0.0015203160341121823,0.038991230220553216,3.1185946381915645e-05,-0.00035829615757345046,2.126510794841484e-05
50000,223,10,0.008542072972012553,0.5,3,3,0.5D,1.766334164215472,1.8017853865662856,0.8719101288133272,3.532668328430944,7.466592261534039,2.025821361450932,0.5,0.23656496864241144,5000,0.0302,0.0382,0.007,0.9628,0.0,5.8471438282781077e-05,7.31503146271507e-06,hill,5000,0.0,0.5076514052045928,0.00765140520459274,0.0010661207539536905,0.0011244515314077688,0.03353284257869841,2.3460509324458113e-05,0.0,0.0
50000,223,10,0.008542072972012553,0.5,3,3,0.5D,1.766334164215472,1.8017853865662856,0.8719101288133272,3.532668328430944,7.466592261534039,2.025821361450932,0.5,0.23656496864241144,5000,0.0302,0.0382,0.007,0.9628,0.0,5.8471438282781077e-05,7.31503146271507e-06,oracle_trimmed_hill,5000,0.0,0.49981794295285553,-0.00018205704714450847,0.0010791925621114157,0.001079009868367408,0.032848285622957676,2.215928351813864e-05,4.544166304036053e-05,8.055389375297103e-06
50000,223,10,0.008542072972012553,0.5,3,3,0.5D,1.766334164215472,1.8017853865662856,0.8719101288133272,3.532668328430944,7.466592261534039,2.025821361450932,0.5,0.23656496864241144,5000,0.0302,0.0382,0.007,0.9628,0.0,5.8471438282781077e-05,7.31503146271507e-06,adaptive_trimmed_hill,5000,0.0,0.5070027398022635,0.007002739802263544,0.001084261011767746,0.0011330825243035987,0.0336612911859245,2.3654536658867557e-05,-8.63099289582988e-06,3.2180615661802485e-06
50000,223,10,0.008542072972012553,0.5,3,3,0.5D,1.766334164215472,1.8017853865662856,0.8719101288133272,3.532668328430944,7.466592261534039,2.025821361450932,0.5,0.23656496864241144,5000,0.0302,0.0382,0.007,0.9628,0.0,5.8471438282781077e-05,7.31503146271507e-06,harmonic_moment_beta_0.5,5000,0.0,0.5033306816364224,0.003330681636422414,0.0011104366132928755,0.0011213079661334183,0.0334859368412087,2.3639193124633647e-05,3.143565274350482e-06,8.355264819872506e-06
50000,223,10,0.008542072972012553,0.5,3,3,0.5D,1.766334164215472,1.8017853865662856,0.8719101288133272,3.532668328430944,7.466592261534039,2.025821361450932,0.5,0.23656496864241144,5000,0.0302,0.0382,0.007,0.9628,0.0,5.8471438282781077e-05,7.31503146271507e-06,harmonic_moment_beta_1,5000,0.0,0.5018731451275099,0.0018731451275098997,0.0012144825986064335,0.0012177483747554262,0.03489625158602892,2.588214517665061e-05,-9.329684334765757e-05,1.3578150577895851e-05
50000,223,10,0.008542072972012553,0.5,3,3,0.5D,1.766334164215472,1.8017853865662856,0.8719101288133272,3.532668328430944,7.466592261534039,2.025821361450932,0.5,0.23656496864241144,5000,0.0302,0.0382,0.007,0.9628,0.0,5.8471438282781077e-05,7.31503146271507e-06,harmonic_moment_beta_2,5000,0.0,0.5016824977118215,0.0016824977118215178,0.0014737794926815708,0.0014763155353333193,0.03842285173348432,3.173658536104955e-05,-0.0003518640039255505,2.2149294302068885e-05
50000,223,10,0.008542072972012553,0.5,3,3,1.5D,5.299002492646416,5.849371176183436,0.8719101288133272,3.532668328430944,7.466592261534039,6.077464084352796,1.5,0.7096949059272344,5000,0.9938,1.0,0.0062,0.0,0.0,0.0005578455369910741,2.239272865678246e-05,hill,5000,0.0,0.5236191877595026,0.023619187759502603,0.0011100576308959954,0.0016677016497884537,0.04083750298179914,3.4699278330408404e-05,0.0,0.0
50000,223,10,0.008542072972012553,0.5,3,3,1.5D,5.299002492646416,5.849371176183436,0.8719101288133272,3.532668328430944,7.466592261534039,6.077464084352796,1.5,0.7096949059272344,5000,0.9938,1.0,0.0062,0.0,0.0,0.0005578455369910741,2.239272865678246e-05,oracle_trimmed_hill,5000,0.0,0.4998551325056573,-0.0001448674943427359,0.0011212255391656381,0.001121022280648722,0.03348167081626486,2.3733910634114635e-05,0.0005466793691397316,2.2728664838077816e-05
50000,223,10,0.008542072972012553,0.5,3,3,1.5D,5.299002492646416,5.849371176183436,0.8719101288133272,3.532668328430944,7.466592261534039,6.077464084352796,1.5,0.7096949059272344,5000,0.9938,1.0,0.0062,0.0,0.0,0.0005578455369910741,2.239272865678246e-05,adaptive_trimmed_hill,5000,0.0,0.4997558062527316,-0.00024419374726842983,0.0011226420046911412,0.001122477106876408,0.033503389483400155,2.3774879721956313e-05,0.0005452245429120458,2.283910930170805e-05
50000,223,10,0.008542072972012553,0.5,3,3,1.5D,5.299002492646416,5.849371176183436,0.8719101288133272,3.532668328430944,7.466592261534039,6.077464084352796,1.5,0.7096949059272344,5000,0.9938,1.0,0.0062,0.0,0.0,0.0005578455369910741,2.239272865678246e-05,harmonic_moment_beta_0.5,5000,0.0,0.5073650613984609,0.007365061398460989,0.0011460142572597956,0.0012000291838114437,0.03464143738085133,2.584366131245696e-05,0.0004676724659770099,1.7205035216924153e-05
50000,223,10,0.008542072972012553,0.5,3,3,1.5D,5.299002492646416,5.849371176183436,0.8719101288133272,3.532668328430944,7.466592261534039,6.077464084352796,1.5,0.7096949059272344,5000,0.9938,1.0,0.0062,0.0,0.0,0.0005578455369910741,2.239272865678246e-05,harmonic_moment_beta_1,5000,0.0,0.5028365875821522,0.0028365875821521817,0.0012466959557485698,0.0012544928456686402,0.035418820500810584,2.611379519799476e-05,0.0004132088041198136,2.2927477390176146e-05
50000,223,10,0.008542072972012553,0.5,3,3,1.5D,5.299002492646416,5.849371176183436,0.8719101288133272,3.532668328430944,7.466592261534039,6.077464084352796,1.5,0.7096949059272344,5000,0.9938,1.0,0.0062,0.0,0.0,0.0005578455369910741,2.239272865678246e-05,harmonic_moment_beta_2,5000,0.0,0.5014826757065081,0.0014826757065080295,0.0014810732833780186,0.0014829753959720122,0.03850941957459256,3.0344503298975073e-05,0.00018472625381644163,2.883541357463993e-05
50000,223,10,0.008542072972012553,0.5,3,3,0.5R,3.7332961307670196,3.470962883786627,0.8719101288133272,3.532668328430944,7.466592261534039,4.281744192888376,1.0567921422799365,0.5,5000,0.9256,0.9326,0.007,0.0674,0.0,0.0002678950894073462,1.5939994071223067e-05,hill,5000,0.0,0.5163716727331679,0.01637167273316776,0.0011332120130181944,0.0014010170386975396,0.037430162151633,2.8442437085556818e-05,0.0,0.0
50000,223,10,0.008542072972012553,0.5,3,3,0.5R,3.7332961307670196,3.470962883786627,0.8719101288133272,3.532668328430944,7.466592261534039,4.281744192888376,1.0567921422799365,0.5,5000,0.9256,0.9326,0.007,0.0674,0.0,0.0002678950894073462,1.5939994071223067e-05,oracle_trimmed_hill,5000,0.0,0.4995940646642295,-0.00040593533577049394,0.001149803988261808,0.0011497388109609826,0.033907798674655695,2.3175416011359442e-05,0.0002512782277365569,1.6250013208997615e-05
50000,223,10,0.008542072972012553,0.5,3,3,0.5R,3.7332961307670196,3.470962883786627,0.8719101288133272,3.532668328430944,7.466592261534039,4.281744192888376,1.0567921422799365,0.5,5000,0.9256,0.9326,0.007,0.0674,0.0,0.0002678950894073462,1.5939994071223067e-05,adaptive_trimmed_hill,5000,0.0,0.5004388196156766,0.00043881961567660124,0.0012686496941929244,0.0012685885269091886,0.035617250411972966,2.6858127398199286e-05,0.000132428511788351,1.5175232125710837e-05
50000,223,10,0.008542072972012553,0.5,3,3,0.5R,3.7332961307670196,3.470962883786627,0.8719101288133272,3.532668328430944,7.466592261534039,4.281744192888376,1.0567921422799365,0.5,5000,0.9256,0.9326,0.007,0.0674,0.0,0.0002678950894073462,1.5939994071223067e-05,harmonic_moment_beta_0.5,5000,0.0,0.505650061690593,0.005650061690593082,0.0011735828715793725,0.0012052713521125643,0.03471701819155217,2.490895911832287e-05,0.00019574568658497528,1.275122355108216e-05
50000,223,10,0.008542072972012553,0.5,3,3,0.5R,3.7332961307670196,3.470962883786627,0.8719101288133272,3.532668328430944,7.466592261534039,4.281744192888376,1.0567921422799365,0.5,5000,0.9256,0.9326,0.007,0.0674,0.0,0.0002678950894073462,1.5939994071223067e-05,harmonic_moment_beta_1,5000,0.0,0.5023459278163985,0.0023459278163986,0.0012792134848156227,0.0012844610194384124,0.035839378055965376,2.6576205315246542e-05,0.0001165560192591272,1.8220436545548518e-05
50000,223,10,0.008542072972012553,0.5,3,3,0.5R,3.7332961307670196,3.470962883786627,0.8719101288133272,3.532668328430944,7.466592261534039,4.281744192888376,1.0567921422799365,0.5,5000,0.9256,0.9326,0.007,0.0674,0.0,0.0002678950894073462,1.5939994071223067e-05,harmonic_moment_beta_2,5000,0.0,0.5014826206291398,0.0014826206291397757,0.0015319396718590274,0.0015338314478546063,0.0391641602470244,3.221003860301849e-05,-0.00013281440915706674,2.541065839654278e-05
50000,223,10,0.008542072972012553,0.5,3,3,1.5R,11.199888392301059,41.81671461463331,0.8719101288133272,3.532668328430944,7.466592261534039,12.845232578665128,3.1703764268398094,1.5,5000,0.9946,1.0,0.0054,0.0,0.0,0.0024156418442060415,4.773766058840516e-05,hill,5000,0.0,0.5491606743159565,0.049160674315956464,0.001129313744833758,0.003545859781284333,0.05954712235939141,5.384144465865942e-05,0.0,0.0
50000,223,10,0.008542072972012553,0.5,3,3,1.5R,11.199888392301059,41.81671461463331,0.8719101288133272,3.532668328430944,7.466592261534039,12.845232578665128,3.1703764268398094,1.5,5000,0.9946,1.0,0.0054,0.0,0.0,0.0024156418442060415,4.773766058840516e-05,oracle_trimmed_hill,5000,0.0,0.4988312885783609,-0.001168711421639041,0.0011425421852201054,0.0011436795631701308,0.03381833176208032,2.3153925927562203e-05,0.0024021802181142023,4.8006273699460646e-05
50000,223,10,0.008542072972012553,0.5,3,3,1.5R,11.199888392301059,41.81671461463331,0.8719101288133272,3.532668328430944,7.466592261534039,12.845232578665128,3.1703764268398094,1.5,5000,0.9946,1.0,0.0054,0.0,0.0,0.0024156418442060415,4.773766058840516e-05,adaptive_trimmed_hill,5000,0.0,0.49875692979454833,-0.0012430702054516945,0.0011451924746107378,0.0011465086596514976,0.033860133780767875,2.319927398632163e-05,0.0023993511216328354,4.808082722001126e-05
50000,223,10,0.008542072972012553,0.5,3,3,1.5R,11.199888392301059,41.81671461463331,0.8719101288133272,3.532668328430944,7.466592261534039,12.845232578665128,3.1703764268398094,1.5,5000,0.9946,1.0,0.0054,0.0,0.0,0.0024156418442060415,4.773766058840516e-05,harmonic_moment_beta_0.5,5000,0.0,0.5094835361637533,0.009483536163753378,0.001163383255676524,0.0012530880371946068,0.03539898356160254,2.6431356825631073e-05,0.0022927717440897263,3.860612609867753e-05
50000,223,10,0.008542072972012553,0.5,3,3,1.5R,11.199888392301059,41.81671461463331,0.8719101288133272,3.532668328430944,7.466592261534039,12.845232578665128,3.1703764268398094,1.5,5000,0.9946,1.0,0.0054,0.0,0.0,0.0024156418442060415,4.773766058840516e-05,harmonic_moment_beta_1,5000,0.0,0.5021818767524495,0.002181876752449449,0.0012725607223372346,0.0012770667963556467,0.035736071361519954,2.6608048141605062e-05,0.0022687929849286867,4.58458331310059e-05
50000,223,10,0.008542072972012553,0.5,3,3,1.5R,11.199888392301059,41.81671461463331,0.8719101288133272,3.532668328430944,7.466592261534039,12.845232578665128,3.1703764268398094,1.5,5000,0.9946,1.0,0.0054,0.0,0.0,0.0024156418442060415,4.773766058840516e-05,harmonic_moment_beta_2,5000,0.0,0.500492426620111,0.0004924266201109339,0.0015227117066878325,0.0015226496483226888,0.039021143606033495,3.1789035961289905e-05,0.002023210132961644,4.9522878140991615e-05
50000,223,10,0.008542072972012553,0.5,5,0,0,0.0,1.0,1.1307827929229566,3.532668328430944,7.466592261534039,0.0,0.0,0.0,5000,0.9904,0.0096,0.0096,0.0,0.0,0.0,0.0,hill,5000,0.0,0.5003229822565182,0.0003229822565181195,0.001112274084729821,0.0011121559474509002,0.033349002195731434,2.369937545211499e-05,0.0,0.0
50000,223,10,0.008542072972012553,0.5,5,0,0,0.0,1.0,1.1307827929229566,3.532668328430944,7.466592261534039,0.0,0.0,0.0,5000,0.9904,0.0096,0.0096,0.0,0.0,0.0,0.0,oracle_trimmed_hill,5000,0.0,0.5003229822565182,0.0003229822565181195,0.001112274084729821,0.0011121559474509002,0.033349002195731434,2.369937545211499e-05,0.0,0.0
50000,223,10,0.008542072972012553,0.5,5,0,0,0.0,1.0,1.1307827929229566,3.532668328430944,7.466592261534039,0.0,0.0,0.0,5000,0.9904,0.0096,0.0096,0.0,0.0,0.0,0.0,adaptive_trimmed_hill,5000,0.0,0.5001660385429807,0.00016603854298058093,0.0011122547704819207,0.0011120598883255794,0.03334756195474535,2.3719513208797722e-05,9.605912532088335e-08,1.6206586436681347e-06
50000,223,10,0.008542072972012553,0.5,5,0,0,0.0,1.0,1.1307827929229566,3.532668328430944,7.466592261534039,0.0,0.0,0.0,5000,0.9904,0.0096,0.0096,0.0,0.0,0.0,0.0,harmonic_moment_beta_0.5,5000,0.0,0.5008005039396854,0.0008005039396855131,0.0011669786158092132,0.0011673860266435035,0.03416703128226834,2.488519183160773e-05,-5.5230079192603e-05,6.782038475002107e-06
50000,223,10,0.008542072972012553,0.5,5,0,0,0.0,1.0,1.1307827929229566,3.532668328430944,7.466592261534039,0.0,0.0,0.0,5000,0.9904,0.0096,0.0096,0.0,0.0,0.0,0.0,harmonic_moment_beta_1,5000,0.0,0.5011964793330478,0.0011964793330477579,0.0012671835065444785,0.00126836163263758,0.0356140650956554,2.7105459975832917e-05,-0.0001562056851866798,1.2092947828243455e-05
50000,223,10,0.008542072972012553,0.5,5,0,0,0.0,1.0,1.1307827929229566,3.532668328430944,7.466592261534039,0.0,0.0,0.0,5000,0.9904,0.0096,0.0096,0.0,0.0,0.0,0.0,harmonic_moment_beta_2,5000,0.0,0.5018917166103283,0.001891716610328325,0.001515700944965975,0.0015189763965107737,0.0389740477306473,3.273760961091202e-05,-0.00040682044905987344,2.107333143896057e-05
50000,223,10,0.008542072972012553,0.5,5,5,0.5I,0.5653913964614783,1.1197195803743734,1.1307827929229566,3.532668328430944,7.466592261534039,0.5,0.16004655515243355,0.07572281660192283,5000,0.0016,0.0098,0.0052,0.9932,0.0,7.978792017644832e-06,2.4368959992809226e-06,hill,5000,0.0,0.5028411794719323,0.002841179471932232,0.001154769588317163,0.0011626109351912286,0.0340970810362299,2.3484070368713515e-05,0.0,0.0
50000,223,10,0.008542072972012553,0.5,5,5,0.5I,0.5653913964614783,1.1197195803743734,1.1307827929229566,3.532668328430944,7.466592261534039,0.5,0.16004655515243355,0.07572281660192283,5000,0.0016,0.0098,0.0052,0.9932,0.0,7.978792017644832e-06,2.4368959992809226e-06,oracle_trimmed_hill,5000,0.0,0.5003124379464488,0.00031243794644869144,0.0011815301960485562,0.0011813915074797275,0.034371376281431144,2.3944791832654428e-05,-1.8780572288499098e-05,5.491067751107955e-06
50000,223,10,0.008542072972012553,0.5,5,5,0.5I,0.5653913964614783,1.1197195803743734,1.1307827929229566,3.532668328430944,7.466592261534039,0.5,0.16004655515243355,0.07572281660192283,5000,0.0016,0.0098,0.0052,0.9932,0.0,7.978792017644832e-06,2.4368959992809226e-06,adaptive_trimmed_hill,5000,0.0,0.5026507137884302,0.0026507137884301275,0.0011569898524814493,0.0011637847380991267,0.0341142893535704,2.3489199556901174e-05,-1.1738029078980268e-06,2.1320842450697707e-06
50000,223,10,0.008542072972012553,0.5,5,5,0.5I,0.5653913964614783,1.1197195803743734,1.1307827929229566,3.532668328430944,7.466592261534039,0.5,0.16004655515243355,0.07572281660192283,5000,0.0016,0.0098,0.0052,0.9932,0.0,7.978792017644832e-06,2.4368959992809226e-06,harmonic_moment_beta_0.5,5000,0.0,0.5020572270036683,0.002057227003668318,0.0012061466682984955,0.001210137621909458,0.034787032381470226,2.4617362404853104e-05,-4.7526686718229324e-05,6.804619869880374e-06
50000,223,10,0.008542072972012553,0.5,5,5,0.5I,0.5653913964614783,1.1197195803743734,1.1307827929229566,3.532668328430944,7.466592261534039,0.5,0.16004655515243355,0.07572281660192283,5000,0.0016,0.0098,0.0052,0.9932,0.0,7.978792017644832e-06,2.4368959992809226e-06,harmonic_moment_beta_1,5000,0.0,0.5017982473308741,0.0017982473308740545,0.0013069264455547258,0.0013098987537286107,0.03619252345068814,2.6743960529512067e-05,-0.000147287818537382,1.191025984993061e-05
50000,223,10,0.008542072972012553,0.5,5,5,0.5I,0.5653913964614783,1.1197195803743734,1.1307827929229566,3.532668328430944,7.466592261534039,0.5,0.16004655515243355,0.07572281660192283,5000,0.0016,0.0098,0.0052,0.9932,0.0,7.978792017644832e-06,2.4368959992809226e-06,harmonic_moment_beta_2,5000,0.0,0.5019749494455542,0.001974949445554162,0.0015574436316614971,0.0015610325682476598,0.039509904685378065,3.2034721240588945e-05,-0.0003984216330564312,2.0528502145127963e-05
50000,223,10,0.008542072972012553,0.5,5,5,1.5I,1.6961741893844349,1.40387298905695,1.1307827929229566,3.532668328430944,7.466592261534039,1.5,0.48013966545730064,0.2271684498057685,5000,0.0238,0.0304,0.0038,0.9724,0.0,5.9766608480630665e-05,7.186773137078514e-06,hill,5000,0.0,0.5077319092585322,0.007731909258532173,0.0011159550714364595,0.0011755143012043476,0.034285774035368484,2.447793308592104e-05,0.0,0.0
50000,223,10,0.008542072972012553,0.5,5,5,1.5I,1.6961741893844349,1.40387298905695,1.1307827929229566,3.532668328430944,7.466592261534039,1.5,0.48013966545730064,0.2271684498057685,5000,0.0238,0.0304,0.0038,0.9724,0.0,5.9766608480630665e-05,7.186773137078514e-06,oracle_trimmed_hill,5000,0.0,0.5001623187433799,0.00016231874337987719,0.0011352785133721007,0.0011350778050438787,0.03369091576439974,2.3019524201092928e-05,4.0436496160468997e-05,8.482936372274461e-06
50000,223,10,0.008542072972012553,0.5,5,5,1.5I,1.6961741893844349,1.40387298905695,1.1307827929229566,3.532668328430944,7.466592261534039,1.5,0.48013966545730064,0.2271684498057685,5000,0.0238,0.0304,0.0038,0.9724,0.0,5.9766608480630665e-05,7.186773137078514e-06,adaptive_trimmed_hill,5000,0.0,0.5072342357644682,0.007234235764468278,0.0011254488967987124,0.0011775579741152644,0.03431556460434921,2.4552453824746908e-05,-2.043672910916819e-06,3.0700858082081433e-06
50000,223,10,0.008542072972012553,0.5,5,5,1.5I,1.6961741893844349,1.40387298905695,1.1307827929229566,3.532668328430944,7.466592261534039,1.5,0.48013966545730064,0.2271684498057685,5000,0.0238,0.0304,0.0038,0.9724,0.0,5.9766608480630665e-05,7.186773137078514e-06,harmonic_moment_beta_0.5,5000,0.0,0.5042394261317596,0.004239426131759721,0.0011572895471188276,0.001175030823136051,0.03427872260070452,2.4479098411876983e-05,4.834780682965889e-07,8.03193954890709e-06
50000,223,10,0.008542072972012553,0.5,5,5,1.5I,1.6961741893844349,1.40387298905695,1.1307827929229566,3.532668328430944,7.466592261534039,1.5,0.48013966545730064,0.2271684498057685,5000,0.0238,0.0304,0.0038,0.9724,0.0,5.9766608480630665e-05,7.186773137078514e-06,harmonic_moment_beta_1,5000,0.0,0.5027826608297229,0.00278266082972286,0.0012535568704091346,0.0012610493603283266,0.03551125681144398,2.642892595593165e-05,-8.553505912397895e-05,1.333855273985595e-05
50000,223,10,0.008542072972012553,0.5,5,5,1.5I,1.6961741893844349,1.40387298905695,1.1307827929229566,3.532668328430944,7.466592261534039,1.5,0.48013966545730064,0.2271684498057685,5000,0.0238,0.0304,0.0038,0.9724,0.0,5.9766608480630665e-05,7.186773137078514e-06,harmonic_moment_beta_2,5000,0.0,0.50230443118497,0.0023044311849700484,0.0014913916448362115,0.0014964037695935066,0.038683378466642576,3.170333705989453e-05,-0.00032088946838915893,2.1576480907171312e-05
50000,223,10,0.008542072972012553,0.5,5,5,0.5D,1.766334164215472,1.4237109856041985,1.1307827929229566,3.532668328430944,7.466592261534039,1.5620454920875484,0.5,0.23656496864241144,5000,0.0336,0.0414,0.0044,0.962,0.0,6.889687560870125e-05,7.520267434350415e-06,hill,5000,0.0,0.5083095118558653,0.008309511855865264,0.0011267837399226606,0.0011956063704574413,0.0345775414171893,2.467337819767705e-05,0.0,0.0
50000,223,10,0.008542072972012553,0.5,5,5,0.5D,1.766334164215472,1.4237109856041985,1.1307827929229566,3.532668328430944,7.466592261534039,1.5620454920875484,0.5,0.23656496864241144,5000,0.0336,0.0414,0.0044,0.962,0.0,6.889687560870125e-05,7.520267434350415e-06,oracle_trimmed_hill,5000,0.0,0.5003028396409035,0.0003028396409034716,0.0011503184191533275,0.0011501800673175994,0.03391430475946101,2.3214998662624596e-05,4.542630313984197e-05,9.17376300652146e-06
50000,223,10,0.008542072972012553,0.5,5,5,0.5D,1.766334164215472,1.4237109856041985,1.1307827929229566,3.532668328430944,7.466592261534039,1.5620454920875484,0.5,0.23656496864241144,5000,0.0336,0.0414,0.0044,0.962,0.0,6.889687560870125e-05,7.520267434350415e-06,adaptive_trimmed_hill,5000,0.0,0.5076344717101904,0.007634471710190334,0.0011433873983580135,0.0012014438791720383,0.034661850486839826,2.4774868471534583e-05,-5.837508714597e-06,3.429450383455446e-06
50000,223,10,0.008542072972012553,0.5,5,5,0.5D,1.766334164215472,1.4237109856041985,1.1307827929229566,3.532668328430944,7.466592261534039,1.5620454920875484,0.5,0.23656496864241144,5000,0.0336,0.0414,0.0044,0.962,0.0,6.889687560870125e-05,7.520267434350415e-06,harmonic_moment_beta_0.5,5000,0.0,0.5044535865966991,0.004453586596699218,0.0011686214422769684,0.001188222151562812,0.03447059836386383,2.46262534482068e-05,7.384218894629345e-06,8.25453713235716e-06
50000,223,10,0.008542072972012553,0.5,5,5,0.5D,1.766334164215472,1.4237109856041985,1.1307827929229566,3.532668328430944,7.466592261534039,1.5620454920875484,0.5,0.23656496864241144,5000,0.0336,0.0414,0.0044,0.962,0.0,6.889687560870125e-05,7.520267434350415e-06,harmonic_moment_beta_1,5000,0.0,0.5028351924522334,0.0028351924522333994,0.0012685361138652313,0.0012763207228836597,0.035725631175441246,2.654258200247176e-05,-8.071435242621832e-05,1.3501375929276346e-05
50000,223,10,0.008542072972012553,0.5,5,5,0.5D,1.766334164215472,1.4237109856041985,1.1307827929229566,3.532668328430944,7.466592261534039,1.5620454920875484,0.5,0.23656496864241144,5000,0.0336,0.0414,0.0044,0.962,0.0,6.889687560870125e-05,7.520267434350415e-06,harmonic_moment_beta_2,5000,0.0,0.5022674919642321,0.0022674919642321836,0.0015151771860792355,0.001520015670449877,0.03898737834799715,3.189204561167592e-05,-0.0003244092999924358,2.1867860932477564e-05
50000,223,10,0.008542072972012553,0.5,5,5,1.5D,5.299002492646416,2.885795211446736,1.1307827929229566,3.532668328430944,7.466592261534039,4.686136476262645,1.5,0.7096949059272344,5000,0.9948,1.0,0.0052,0.0,0.0,0.0005637065623701949,2.2464130096869215e-05,hill,5000,0.0,0.5237425136742723,0.023742513674272193,0.0011171479751213435,0.0016806315010993217,0.04099550586465938,3.23706663072818e-05,0.0,0.0
50000,223,10,0.008542072972012553,0.5,5,5,1.5D,5.299002492646416,2.885795211446736,1.1307827929229566,3.532668328430944,7.466592261534039,4.686136476262645,1.5,0.7096949059272344,5000,0.9948,1.0,0.0052,0.0,0.0,0.0005637065623701949,2.2464130096869215e-05,oracle_trimmed_hill,5000,0.0,0.5000243349205813,2.4334920581255836e-05,0.0011490858871628926,0.0011488566621738196,0.03389478812699409,2.2496203682301205e-05,0.0005317748389255017,2.2920440266037654e-05
50000,223,10,0.008542072972012553,0.5,5,5,1.5D,5.299002492646416,2.885795211446736,1.1307827929229566,3.532668328430944,7.466592261534039,4.686136476262645,1.5,0.7096949059272344,5000,0.9948,1.0,0.0052,0.0,0.0,0.0005637065623701949,2.2464130096869215e-05,adaptive_trimmed_hill,5000,0.0,0.4999400092457148,-5.999075428517799e-05,0.0011498724523387259,0.0011496460767388577,0.03390643120027317,2.2547851188272294e-05,0.0005309854243604639,2.3085903078570848e-05
50000,223,10,0.008542072972012553,0.5,5,5,1.5D,5.299002492646416,2.885795211446736,1.1307827929229566,3.532668328430944,7.466592261534039,4.686136476262645,1.5,0.7096949059272344,5000,0.9948,1.0,0.0052,0.0,0.0,0.0005637065623701949,2.2464130096869215e-05,harmonic_moment_beta_0.5,5000,0.0,0.5096813289964013,0.009681328996401338,0.0011611538116063243,0.0012546497119805644,0.03542103488014663,2.5173106092013048e-05,0.0004259817891187572,1.5688054513192608e-05
50000,223,10,0.008542072972012553,0.5,5,5,1.5D,5.299002492646416,2.885795211446736,1.1307827929229566,3.532668328430944,7.466592261534039,4.686136476262645,1.5,0.7096949059272344,5000,0.9948,1.0,0.0052,0.0,0.0,0.0005637065623701949,2.2464130096869215e-05,harmonic_moment_beta_1,5000,0.0,0.5043770620973458,0.004377062097345776,0.0012715318903874623,0.001290436256613406,0.035922642673019006,2.5689962068678203e-05,0.00039019524448591564,2.2169338386523816e-05
50000,223,10,0.008542072972012553,0.5,5,5,1.5D,5.299002492646416,2.885795211446736,1.1307827929229566,3.532668328430944,7.466592261534039,4.686136476262645,1.5,0.7096949059272344,5000,0.9948,1.0,0.0052,0.0,0.0,0.0005637065623701949,2.2464130096869215e-05,harmonic_moment_beta_2,5000,0.0,0.5020175153097471,0.002017515309747237,0.0015287847883809285,0.001532549399448317,0.03914778920256311,3.043550772432976e-05,0.0001480821016510046,2.8692123241110753e-05
50000,223,10,0.008542072972012553,0.5,5,5,0.5R,3.7332961307670196,2.109939398854332,1.1307827929229566,3.532668328430944,7.466592261534039,3.3015148038438356,1.0567921422799365,0.5,5000,0.931,0.9348,0.0038,0.0652,0.0,0.0002519892673065262,1.5816946029989493e-05,hill,5000,0.0,0.5158966235803225,0.01589662358032248,0.0011157839864515775,0.0013682634709087519,0.03699004556510781,2.848989141422839e-05,0.0,0.0
50000,223,10,0.008542072972012553,0.5,5,5,0.5R,3.7332961307670196,2.109939398854332,1.1307827929229566,3.532668328430944,7.466592261534039,3.3015148038438356,1.0567921422799365,0.5,5000,0.931,0.9348,0.0038,0.0652,0.0,0.0002519892673065262,1.5816946029989493e-05,oracle_trimmed_hill,5000,0.0,0.49923131788875363,-0.0007686821112463598,0.0011459458182422832,0.0011463075012667846,0.033857163219424995,2.345542362313112e-05,0.00022195596964196717,1.6369414175494738e-05
50000,223,10,0.008542072972012553,0.5,5,5,0.5R,3.7332961307670196,2.109939398854332,1.1307827929229566,3.532668328430944,7.466592261534039,3.3015148038438356,1.0567921422799365,0.5,5000,0.931,0.9348,0.0038,0.0652,0.0,0.0002519892673065262,1.5816946029989493e-05,adaptive_trimmed_hill,5000,0.0,0.5000525824066143,5.258240661429974e-05,0.0012561609135435885,0.0012559124462703654,0.03543885503610924,2.6801936699998084e-05,0.00011235102463838666,1.527962918403911e-05
50000,223,10,0.008542072972012553,0.5,5,5,0.5R,3.7332961307670196,2.109939398854332,1.1307827929229566,3.532668328430944,7.466592261534039,3.3015148038438356,1.0567921422799365,0.5,5000,0.931,0.9348,0.0038,0.0652,0.0,0.0002519892673065262,1.5816946029989493e-05,harmonic_moment_beta_0.5,5000,0.0,0.5067675729574139,0.006767572957413904,0.0011613674053092867,0.0012069351755621448,0.03474097257651468,2.5282500553675013e-05,0.000161328295346607,1.1387827899695249e-05
50000,223,10,0.008542072972012553,0.5,5,5,0.5R,3.7332961307670196,2.109939398854332,1.1307827929229566,3.532668328430944,7.466592261534039,3.3015148038438356,1.0567921422799365,0.5,5000,0.931,0.9348,0.0038,0.0652,0.0,0.0002519892673065262,1.5816946029989493e-05,harmonic_moment_beta_1,5000,0.0,0.5031274996538342,0.0031274996538341875,0.0012673937797236115,0.0012769215550524,0.03573403916509299,2.635845860485442e-05,9.134191585635212e-05,1.697724631889203e-05
50000,223,10,0.008542072972012553,0.5,5,5,0.5R,3.7332961307670196,2.109939398854332,1.1307827929229566,3.532668328430944,7.466592261534039,3.3015148038438356,1.0567921422799365,0.5,5000,0.931,0.9348,0.0038,0.0652,0.0,0.0002519892673065262,1.5816946029989493e-05,harmonic_moment_beta_2,5000,0.0,0.5015846984851364,0.001584698485136381,0.0015215669637255141,0.0015237739196215627,0.039035546872326035,3.109296791481288e-05,-0.00015551044871281073,2.4039934687319037e-05
50000,223,10,0.008542072972012553,0.5,5,5,1.5R,11.199888392301059,9.393121616164807,1.1307827929229566,3.532668328430944,7.466592261534039,9.904544411531507,3.1703764268398094,1.5,5000,0.9938,1.0,0.0062,0.0,0.0,0.002535659048200625,4.6998463536297155e-05,hill,5000,0.0,0.550355500351419,0.050355500351419,0.0010946106514984485,0.003630068145009909,0.06025004684653705,5.2858523059397825e-05,0.0,0.0
50000,223,10,0.008542072972012553,0.5,5,5,1.5R,11.199888392301059,9.393121616164807,1.1307827929229566,3.532668328430944,7.466592261534039,9.904544411531507,3.1703764268398094,1.5,5000,0.9938,1.0,0.0062,0.0,0.0,0.002535659048200625,4.6998463536297155e-05,oracle_trimmed_hill,5000,0.0,0.5001533833443742,0.000153383344374148,0.001125680968258299,0.0011254793585149787,0.033548164756287024,2.254029529976881e-05,0.00250458878649493,4.711917414761533e-05
50000,223,10,0.008542072972012553,0.5,5,5,1.5R,11.199888392301059,9.393121616164807,1.1307827929229566,3.532668328430944,7.466592261534039,9.904544411531507,3.1703764268398094,1.5,5000,0.9938,1.0,0.0062,0.0,0.0,0.002535659048200625,4.6998463536297155e-05,adaptive_trimmed_hill,5000,0.0,0.5000504956939169,5.049569391695503e-05,0.0011251445532913843,0.0011249220741958305,0.03353985799307788,2.2555292567526822e-05,0.0025051460708140783,4.720039834106789e-05
50000,223,10,0.008542072972012553,0.5,5,5,1.5R,11.199888392301059,9.393121616164807,1.1307827929229566,3.532668328430944,7.466592261534039,9.904544411531507,3.1703764268398094,1.5,5000,0.9938,1.0,0.0062,0.0,0.0,0.002535659048200625,4.6998463536297155e-05,harmonic_moment_beta_0.5,5000,0.0,0.5156885022964176,0.015688502296417637,0.0011264733270271755,0.0013723771366664715,0.037045608871585194,2.8055141432638673e-05,0.002257691008343437,3.382674257150942e-05
50000,223,10,0.008542072972012553,0.5,5,5,1.5R,11.199888392301059,9.393121616164807,1.1307827929229566,3.532668328430944,7.466592261534039,9.904544411531507,3.1703764268398094,1.5,5000,0.9938,1.0,0.0062,0.0,0.0,0.002535659048200625,4.6998463536297155e-05,harmonic_moment_beta_1,5000,0.0,0.5057807907802484,0.005780790780248357,0.0012396554704838445,0.0012728250814347522,0.03567667419245735,2.6407458204403222e-05,0.0023572430635751566,4.3191912355999e-05
50000,223,10,0.008542072972012553,0.5,5,5,1.5R,11.199888392301059,9.393121616164807,1.1307827929229566,3.532668328430944,7.466592261534039,9.904544411531507,3.1703764268398094,1.5,5000,0.9938,1.0,0.0062,0.0,0.0,0.002535659048200625,4.6998463536297155e-05,harmonic_moment_beta_2,5000,0.0,0.5022657810526087,0.0022657810526087526,0.001495226233053938,0.001500060951585688,0.03873062033566837,3.1320739556423986e-05,0.0021300071934242204,4.836835616517589e-05
50000,223,10,0.008542072972012553,0.5,10,0,0,0.0,1.0,1.6178290676146165,3.532668328430944,7.466592261534039,0.0,0.0,0.0,5000,0.9922,0.0078,0.0078,0.0,0.0,0.0,0.0,hill,5000,0.0,0.49977398475447116,-0.00022601524552886968,0.0011524927010835599,0.0011523132854345543,0.033945740313543825,2.3382348102883782e-05,0.0,0.0
50000,223,10,0.008542072972012553,0.5,10,0,0,0.0,1.0,1.6178290676146165,3.532668328430944,7.466592261534039,0.0,0.0,0.0,5000,0.9922,0.0078,0.0078,0.0,0.0,0.0,0.0,oracle_trimmed_hill,5000,0.0,0.49977398475447116,-0.00022601524552886968,0.0011524927010835599,0.0011523132854345543,0.033945740313543825,2.3382348102883782e-05,0.0,0.0
50000,223,10,0.008542072972012553,0.5,10,0,0,0.0,1.0,1.6178290676146165,3.532668328430944,7.466592261534039,0.0,0.0,0.0,5000,0.9922,0.0078,0.0078,0.0,0.0,0.0,0.0,adaptive_trimmed_hill,5000,0.0,0.4996478163779633,-0.0003521836220366782,0.0011543865416401863,0.001154279697635489,0.03397469201678639,2.33827057242941e-05,-1.966412200934589e-06,1.4729705679268347e-06
50000,223,10,0.008542072972012553,0.5,10,0,0,0.0,1.0,1.6178290676146165,3.532668328430944,7.466592261534039,0.0,0.0,0.0,5000,0.9922,0.0078,0.0078,0.0,0.0,0.0,0.0,harmonic_moment_beta_0.5,5000,0.0,0.5002994019199956,0.0002994019199955774,0.0012063905167689086,0.0012062388801752518,0.03473094988875559,2.444012894744309e-05,-5.3925594740697333e-05,6.945576023069288e-06
50000,223,10,0.008542072972012553,0.5,10,0,0,0.0,1.0,1.6178290676146165,3.532668328430944,7.466592261534039,0.0,0.0,0.0,5000,0.9922,0.0078,0.0078,0.0,0.0,0.0,0.0,harmonic_moment_beta_1,5000,0.0,0.5007183820984445,0.0007183820984445713,0.0013051755922282894,0.0013054306299492093,0.03613074355655042,2.6605528095486222e-05,-0.00015311734451465487,1.228256570634063e-05
50000,223,10,0.008542072972012553,0.5,10,0,0,0.0,1.0,1.6178290676146165,3.532668328430944,7.466592261534039,0.0,0.0,0.0,5000,0.9922,0.0078,0.0078,0.0,0.0,0.0,0.0,harmonic_moment_beta_2,5000,0.0,0.50145688738911,0.001456887389110029,0.0015499673343387019,0.001551779861736382,0.03939263715133048,3.216922666224962e-05,-0.0003994665763018274,2.1317964455399468e-05
50000,223,10,0.008542072972012553,0.5,10,10,0.5I,0.8089145338073083,1.0842531981599017,1.6178290676146165,3.532668328430944,7.466592261534039,0.5,0.2289811719082591,0.10833784750435987,5000,0.0048,0.0144,0.0,0.9952,0.0,1.035241708704249e-05,3.4948175793455982e-06,hill,5000,0.0,0.50324067691441,0.003240676914409896,0.0011602818142259622,0.0011705517447267062,0.03421332700464406,2.454694928757961e-05,0.0,0.0
50000,223,10,0.008542072972012553,0.5,10,10,0.5I,0.8089145338073083,1.0842531981599017,1.6178290676146165,3.532668328430944,7.466592261534039,0.5,0.2289811719082591,0.10833784750435987,5000,0.0048,0.0144,0.0,0.9952,0.0,1.035241708704249e-05,3.4948175793455982e-06,oracle_trimmed_hill,5000,0.0,0.4996971806836746,-0.00030281931632536094,0.0012087763642002452,0.0012086263084657449,0.03476530322700702,2.4854155991746494e-05,-3.807456373903865e-05,7.875205973448272e-06
50000,223,10,0.008542072972012553,0.5,10,10,0.5I,0.8089145338073083,1.0842531981599017,1.6178290676146165,3.532668328430944,7.466592261534039,0.5,0.2289811719082591,0.10833784750435987,5000,0.0048,0.0144,0.0,0.9952,0.0,1.035241708704249e-05,3.4948175793455982e-06,adaptive_trimmed_hill,5000,0.0,0.5030229569854099,0.0030229569854098113,0.0011633567774628753,0.0011722623750430206,0.03423831735122245,2.453381781446472e-05,-1.7106303163142448e-06,1.7705246147777865e-06
50000,223,10,0.008542072972012553,0.5,10,10,0.5I,0.8089145338073083,1.0842531981599017,1.6178290676146165,3.532668328430944,7.466592261534039,0.5,0.2289811719082591,0.10833784750435987,5000,0.0048,0.0144,0.0,0.9952,0.0,1.035241708704249e-05,3.4948175793455982e-06,harmonic_moment_beta_0.5,5000,0.0,0.5021965374717254,0.0021965374717254496,0.001209389127940814,0.0012139720269799196,0.03484210135712138,2.537631641110588e-05,-4.342028225321345e-05,7.038063310186962e-06
50000,223,10,0.008542072972012553,0.5,10,10,0.5I,0.8089145338073083,1.0842531981599017,1.6178290676146165,3.532668328430944,7.466592261534039,0.5,0.2289811719082591,0.10833784750435987,5000,0.0048,0.0144,0.0,0.9952,0.0,1.035241708704249e-05,3.4948175793455982e-06,harmonic_moment_beta_1,5000,0.0,0.5016530067444825,0.0016530067444825599,0.001307070236281505,0.0013095412535315536,0.03618758424558834,2.735027300229127e-05,-0.00013898950880484717,1.2247822173150758e-05
50000,223,10,0.008542072972012553,0.5,10,10,0.5I,0.8089145338073083,1.0842531981599017,1.6178290676146165,3.532668328430944,7.466592261534039,0.5,0.2289811719082591,0.10833784750435987,5000,0.0048,0.0144,0.0,0.9952,0.0,1.035241708704249e-05,3.4948175793455982e-06,harmonic_moment_beta_2,5000,0.0,0.5014821919977492,0.0014821919977492126,0.0015489567122969879,0.0015508438140727201,0.039380754361397395,3.252407414550829e-05,-0.00038029206934601397,2.0938931504510616e-05
50000,223,10,0.008542072972012553,0.5,10,10,1.5I,2.426743601421925,1.2746534785506471,1.6178290676146165,3.532668328430944,7.466592261534039,1.5,0.6869435157247773,0.3250135425130796,5000,0.1148,0.1204,0.0,0.8852,0.0,0.00012045545325181313,1.0321866175559478e-05,hill,5000,0.0,0.510975617026077,0.010975617026076977,0.0011245749384491551,0.0012448141925645762,0.035281924445310184,2.5698124294134633e-05,0.0,0.0
50000,223,10,0.008542072972012553,0.5,10,10,1.5I,2.426743601421925,1.2746534785506471,1.6178290676146165,3.532668328430944,7.466592261534039,1.5,0.6869435157247773,0.3250135425130796,5000,0.1148,0.1204,0.0,0.8852,0.0,0.00012045545325181313,1.0321866175559478e-05,oracle_trimmed_hill,5000,0.0,0.5000697922922034,6.979229220347456e-05,0.0011722910429191307,0.001172061455674598,0.034235383095192584,2.4115740221577032e-05,7.275273688997833e-05,1.263670809097823e-05
50000,223,10,0.008542072972012553,0.5,10,10,1.5I,2.426743601421925,1.2746534785506471,1.6178290676146165,3.532668328430944,7.466592261534039,1.5,0.6869435157247773,0.3250135425130796,5000,0.1148,0.1204,0.0,0.8852,0.0,0.00012045545325181313,1.0321866175559478e-05,adaptive_trimmed_hill,5000,0.0,0.5090318070957647,0.009031807095764762,0.0011888133645770033,0.0012701491413191946,0.03563915180414925,2.634990467873043e-05,-2.5334948754618503e-05,5.974224270473124e-06
50000,223,10,0.008542072972012553,0.5,10,10,1.5I,2.426743601421925,1.2746534785506471,1.6178290676146165,3.532668328430944,7.466592261534039,1.5,0.6869435157247773,0.3250135425130796,5000,0.1148,0.1204,0.0,0.8852,0.0,0.00012045545325181313,1.0321866175559478e-05,harmonic_moment_beta_0.5,5000,0.0,0.5064902509099521,0.006490250909952121,0.0011495373716688374,0.0011914308210686378,0.034517109106479905,2.477371973914898e-05,5.3383371495938335e-05,8.768175140011487e-06
50000,223,10,0.008542072972012553,0.5,10,10,1.5I,2.426743601421925,1.2746534785506471,1.6178290676146165,3.532668328430944,7.466592261534039,1.5,0.6869435157247773,0.3250135425130796,5000,0.1148,0.1204,0.0,0.8852,0.0,0.00012045545325181313,1.0321866175559478e-05,harmonic_moment_beta_1,5000,0.0,0.5040313279558227,0.004031327955822715,0.0012351486000171427,0.0012511531753845368,0.03537164366246693,2.6231924844204495e-05,-6.338982819960716e-06,1.4336475607315853e-05
50000,223,10,0.008542072972012553,0.5,10,10,1.5I,2.426743601421925,1.2746534785506471,1.6178290676146165,3.532668328430944,7.466592261534039,1.5,0.6869435157247773,0.3250135425130796,5000,0.1148,0.1204,0.0,0.8852,0.0,0.00012045545325181313,1.0321866175559478e-05,harmonic_moment_beta_2,5000,0.0,0.502355084439597,0.0023550844395970223,0.0014612104490635248,0.0014664646296913442,0.03829444646017676,3.131256409972743e-05,-0.00022165043712676802,2.2739115606859423e-05
50000,223,10,0.008542072972012553,0.5,10,10,0.5D,1.766334164215472,1.1931936077620424,1.6178290676146165,3.532668328430944,7.466592261534039,1.0917928226001135,0.5,0.23656496864241144,5000,0.0302,0.037,0.0,0.9698,0.0,6.347015792953436e-05,7.499905534383556e-06,hill,5000,0.0,0.5079669498234449,0.007966949823444933,0.0011206902340448336,0.0011839383854873138,0.034408405738820765,2.4652101516440813e-05,0.0,0.0
50000,223,10,0.008542072972012553,0.5,10,10,0.5D,1.766334164215472,1.1931936077620424,1.6178290676146165,3.532668328430944,7.466592261534039,1.0917928226001135,0.5,0.23656496864241144,5000,0.0302,0.037,0.0,0.9698,0.0,6.347015792953436e-05,7.499905534383556e-06,oracle_trimmed_hill,5000,0.0,0.5001250048321062,0.00012500483210618372,0.0011701608706426233,0.0011699424646765446,0.03420442171235387,2.3838363832534048e-05,1.399592081076923e-05,1.0093958840711991e-05
50000,223,10,0.008542072972012553,0.5,10,10,0.5D,1.766334164215472,1.1931936077620424,1.6178290676146165,3.532668328430944,7.466592261534039,1.0917928226001135,0.5,0.23656496864241144,5000,0.0302,0.037,0.0,0.9698,0.0,6.347015792953436e-05,7.499905534383556e-06,adaptive_trimmed_hill,5000,0.0,0.5073746781904924,0.007374678190492378,0.001134821000615683,0.0011889799148288838,0.034481588055495414,2.4644463889187324e-05,-5.0415293415698604e-06,2.939493659475204e-06
50000,223,10,0.008542072972012553,0.5,10,10,0.5D,1.766334164215472,1.1931936077620424,1.6178290676146165,3.532668328430944,7.466592261534039,1.0917928226001135,0.5,0.23656496864241144,5000,0.0302,0.037,0.0,0.9698,0.0,6.347015792953436e-05,7.499905534383556e-06,harmonic_moment_beta_0.5,5000,0.0,0.504879808872456,0.0048798088724559706,0.001163684914386757,0.0011872647120355797,0.03445670779450033,2.485906080458396e-05,-3.3263265482659844e-06,7.821441779252966e-06
50000,223,10,0.008542072972012553,0.5,10,10,0.5D,1.766334164215472,1.1931936077620424,1.6178290676146165,3.532668328430944,7.466592261534039,1.0917928226001135,0.5,0.23656496864241144,5000,0.0302,0.037,0.0,0.9698,0.0,6.347015792953436e-05,7.499905534383556e-06,harmonic_moment_beta_1,5000,0.0,0.5031471825258351,0.003147182525835178,0.001263451950545284,0.0012731040180060976,0.03568058320720245,2.66816857607182e-05,-8.91656325187838e-05,1.3069472791667424e-05
50000,223,10,0.008542072972012553,0.5,10,10,0.5D,1.766334164215472,1.1931936077620424,1.6178290676146165,3.532668328430944,7.466592261534039,1.0917928226001135,0.5,0.23656496864241144,5000,0.0302,0.037,0.0,0.9698,0.0,6.347015792953436e-05,7.499905534383556e-06,harmonic_moment_beta_2,5000,0.0,0.5019761394552197,0.001976139455219755,0.001511590674732494,0.001515193483744024,0.038925486300674834,3.184576552118141e-05,-0.00033125509825671003,2.1312886239320163e-05
50000,223,10,0.008542072972012553,0.5,10,10,1.5D,5.299002492646416,1.6987628473235268,1.6178290676146165,3.532668328430944,7.466592261534039,3.27537846780034,1.5,0.7096949059272344,5000,1.0,1.0,0.0,0.0,0.0,0.0005389581012858942,2.1927321038183656e-05,hill,5000,0.0,0.5232217640775833,0.023221764077583213,0.0010643945491164415,0.0016034319970815523,0.04004287698307343,3.1876934431996574e-05,0.0,0.0
50000,223,10,0.008542072972012553,0.5,10,10,1.5D,5.299002492646416,1.6987628473235268,1.6178290676146165,3.532668328430944,7.466592261534039,3.27537846780034,1.5,0.7096949059272344,5000,1.0,1.0,0.0,0.0,0.0,0.0005389581012858942,2.1927321038183656e-05,oracle_trimmed_hill,5000,0.0,0.4995192930086907,-0.00048070699130932056,0.0011120121164002197,0.0011120207931884334,0.03334697577275087,2.2269290321780617e-05,0.000491411203893119,2.2910425825507067e-05
50000,223,10,0.008542072972012553,0.5,10,10,1.5D,5.299002492646416,1.6987628473235268,1.6178290676146165,3.532668328430944,7.466592261534039,3.27537846780034,1.5,0.7096949059272344,5000,1.0,1.0,0.0,0.0,0.0,0.0005389581012858942,2.1927321038183656e-05,adaptive_trimmed_hill,5000,0.0,0.4995192930086907,-0.00048070699130931845,0.0011120121164002197,0.0011120207931884334,0.03334697577275087,2.2269290321780617e-05,0.000491411203893119,2.2910425825507067e-05
50000,223,10,0.008542072972012553,0.5,10,10,1.5D,5.299002492646416,1.6987628473235268,1.6178290676146165,3.532668328430944,7.466592261534039,3.27537846780034,1.5,0.7096949059272344,5000,1.0,1.0,0.0,0.0,0.0,0.0005389581012858942,2.1927321038183656e-05,harmonic_moment_beta_0.5,5000,0.0,0.5121439342855785,0.012143934285578521,0.0010938848877161216,0.0012411412506710278,0.035229834667097545,2.5841424412228332e-05,0.0003622907464105246,1.3452698251960393e-05
50000,223,10,0.008542072972012553,0.5,10,10,1.5D,5.299002492646416,1.6987628473235268,1.6178290676146165,3.532668328430944,7.466592261534039,3.27537846780034,1.5,0.7096949059272344,5000,1.0,1.0,0.0,0.0,0.0,0.0005389581012858942,2.1927321038183656e-05,harmonic_moment_beta_1,5000,0.0,0.5063734751263007,0.0063734751263006895,0.0011966672926794317,0.0012370491444064695,0.03517170943253213,2.5723500442106016e-05,0.000366382852675083,2.0282331849144602e-05
50000,223,10,0.008542072972012553,0.5,10,10,1.5D,5.299002492646416,1.6987628473235268,1.6178290676146165,3.532668328430944,7.466592261534039,3.27537846780034,1.5,0.7096949059272344,5000,1.0,1.0,0.0,0.0,0.0,0.0005389581012858942,2.1927321038183656e-05,harmonic_moment_beta_2,5000,0.0,0.5024402443903733,0.0024402443903733255,0.0014506326337710642,0.0014562972999290586,0.038161463545428376,3.0312479885646866e-05,0.00014713469715249382,2.8005293234118967e-05
50000,223,10,0.008542072972012553,0.5,10,10,0.5R,3.7332961307670196,1.4525630447090176,1.6178290676146165,3.532668328430944,7.466592261534039,2.307596151842865,1.0567921422799365,0.5,5000,0.9336,0.9338,0.0,0.0664,0.0,0.00027428997606215557,1.5964761860888855e-05,hill,5000,0.0,0.5165626647780085,0.01656266477800851,0.0011367363508860157,0.001410830868164522,0.03756102858235543,2.9739878537614057e-05,0.0,0.0
50000,223,10,0.008542072972012553,0.5,10,10,0.5R,3.7332961307670196,1.4525630447090176,1.6178290676146165,3.532668328430944,7.466592261534039,2.307596151842865,1.0567921422799365,0.5,5000,0.9336,0.9338,0.0,0.0664,0.0,0.00027428997606215557,1.5964761860888855e-05,oracle_trimmed_hill,5000,0.0,0.49975734949676354,-0.0002426505032365227,0.0011845072626531785,0.001184329240467369,0.0344140849139908,2.4091402219480385e-05,0.00022650162769715306,1.7513792953464517e-05
50000,223,10,0.008542072972012553,0.5,10,10,0.5R,3.7332961307670196,1.4525630447090176,1.6178290676146165,3.532668328430944,7.466592261534039,2.307596151842865,1.0567921422799365,0.5,5000,0.9336,0.9338,0.0,0.0664,0.0,0.00027428997606215557,1.5964761860888855e-05,adaptive_trimmed_hill,5000,0.0,0.5006128146485984,0.0006128146485984263,0.00129082768046108,0.0012909450567185248,0.03592972386087214,2.759771115964941e-05,0.00011988581144599713,1.625065596948953e-05
50000,223,10,0.008542072972012553,0.5,10,10,0.5R,3.7332961307670196,1.4525630447090176,1.6178290676146165,3.532668328430944,7.466592261534039,2.307596151842865,1.0567921422799365,0.5,5000,0.9336,0.9338,0.0,0.0664,0.0,0.00027428997606215557,1.5964761860888855e-05,harmonic_moment_beta_0.5,5000,0.0,0.5092709634852299,0.009270963485229905,0.0011672941929239307,0.0012530114980298123,0.03539790245240263,2.660294854155596e-05,0.0001578193701347097,1.0727989579503077e-05
50000,223,10,0.008542072972012553,0.5,10,10,0.5R,3.7332961307670196,1.4525630447090176,1.6178290676146165,3.532668328430944,7.466592261534039,2.307596151842865,1.0567921422799365,0.5,5000,0.9336,0.9338,0.0,0.0664,0.0,0.00027428997606215557,1.5964761860888855e-05,harmonic_moment_beta_1,5000,0.0,0.5053832654174024,0.005383265417402466,0.0012635303903137647,0.0012922572307899032,0.035947979509144926,2.720267823237217e-05,0.00011857363737461864,1.669431552757168e-05
50000,223,10,0.008542072972012553,0.5,10,10,0.5R,3.7332961307670196,1.4525630447090176,1.6178290676146165,3.532668328430944,7.466592261534039,2.307596151842865,1.0567921422799365,0.5,5000,0.9336,0.9338,0.0,0.0664,0.0,0.00027428997606215557,1.5964761860888855e-05,harmonic_moment_beta_2,5000,0.0,0.5027950711593363,0.0027950711593362825,0.0015082483461130401,0.001515759119229571,0.03893275124146213,3.160695294801366e-05,-0.00010492825106504917,2.4364655398147292e-05
50000,223,10,0.008542072972012553,0.5,10,10,1.5R,11.199888392301059,3.064819997351363,1.6178290676146165,3.532668328430944,7.466592261534039,6.922788455528595,3.1703764268398094,1.5,5000,1.0,1.0,0.0,0.0,0.0,0.002522728820204255,4.73280652429177e-05,hill,5000,0.0,0.5502267740310223,0.05022677403102225,0.0011100175653316583,0.0036325243913819636,0.0602704271710593,5.414107560529382e-05,0.0,0.0
50000,223,10,0.008542072972012553,0.5,10,10,1.5R,11.199888392301059,3.064819997351363,1.6178290676146165,3.532668328430944,7.466592261534039,6.922788455528595,3.1703764268398094,1.5,5000,1.0,1.0,0.0,0.0,0.0,0.002522728820204255,4.73280652429177e-05,oracle_trimmed_hill,5000,0.0,0.5001174174516911,0.00011741745169105223,0.0011522680423768554,0.0011520513756263413,0.03394188232296997,2.298859434769917e-05,0.0024804730157556216,4.757749510317056e-05
50000,223,10,0.008542072972012553,0.5,10,10,1.5R,11.199888392301059,3.064819997351363,1.6178290676146165,3.532668328430944,7.466592261534039,6.922788455528595,3.1703764268398094,1.5,5000,1.0,1.0,0.0,0.0,0.0,0.002522728820204255,4.73280652429177e-05,adaptive_trimmed_hill,5000,0.0,0.5001174174516911,0.00011741745169105303,0.0011522680423768548,0.001152051375626341,0.03394188232296997,2.2988594347699163e-05,0.002480473015755622,4.757749510317056e-05
50000,223,10,0.008542072972012553,0.5,10,10,1.5R,11.199888392301059,3.064819997351363,1.6178290676146165,3.532668328430944,7.466592261534039,6.922788455528595,3.1703764268398094,1.5,5000,1.0,1.0,0.0,0.0,0.0,0.002522728820204255,4.73280652429177e-05,harmonic_moment_beta_0.5,5000,0.0,0.5232028332172837,0.023202833217283687,0.0011266538122207583,0.0016647999507673975,0.04080196013388815,3.317822474135549e-05,0.0019677244406145662,2.807048862089972e-05
50000,223,10,0.008542072972012553,0.5,10,10,1.5R,11.199888392301059,3.064819997351363,1.6178290676146165,3.532668328430944,7.466592261534039,6.922788455528595,3.1703764268398094,1.5,5000,1.0,1.0,0.0,0.0,0.0,0.002522728820204255,4.73280652429177e-05,harmonic_moment_beta_1,5000,0.0,0.5109883657767381,0.010988365776738028,0.0012375232525906944,0.0013580199303835638,0.036851321962496325,2.8431094478451056e-05,0.0022745044609983993,3.9529689713070436e-05
50000,223,10,0.008542072972012553,0.5,10,10,1.5R,11.199888392301059,3.064819997351363,1.6178290676146165,3.532668328430944,7.466592261534039,6.922788455528595,3.1703764268398094,1.5,5000,1.0,1.0,0.0,0.0,0.0,0.002522728820204255,4.73280652429177e-05,harmonic_moment_beta_2,5000,0.0,0.5037232343848568,0.0037232343848568232,0.001501799046422636,0.0015153611608979315,0.03892764006330118,3.1627285893164164e-05,0.0021171632304840316,4.7900751914746475e-05
